Age,Attrition,Department,DistanceFromHome,Gender,JobRole,JobSatisfaction,MonthlyIncome,OverTime,TotalWorkingYears,WorkLifeBalance,YearsAtCompany
41,1,Sales,1,Female,Sales Executive,4,5993,1,8,1,6
49,0,Research & Development,8,Male,Research Scientist,2,5130,0,10,3,10
37,1,Research & Development,2,Male,Laboratory Technician,3,2090,1,7,3,0
33,0,Research & Development,3,Female,Research Scientist,3,2909,1,8,3,8
27,0,Research & Development,2,Male,Laboratory Technician,2,3468,0,6,3,2
32,0,Research & Development,2,Male,Laboratory Technician,4,3068,0,8,2,7
59,0,Research & Development,3,Female,Laboratory Technician,1,2670,1,12,2,1
30,0,Research & Development,24,Male,Laboratory Technician,3,2693,0,1,3,1
38,0,Research & Development,23,Male,Manufacturing Director,3,9526,0,10,3,9
36,0,Research & Development,27,Male,Healthcare Representative,3,5237,0,17,2,7
35,0,Research & Development,16,Male,Laboratory Technician,2,2426,0,6,3,5
29,0,Research & Development,15,Female,Laboratory Technician,3,4193,1,10,3,9
31,0,Research & Development,26,Male,Research Scientist,3,2911,0,5,2,5
34,0,Research & Development,19,Male,Laboratory Technician,4,2661,0,3,3,2
28,1,Research & Development,24,Male,Laboratory Technician,3,2028,1,6,3,4
29,0,Research & Development,21,Female,Manufacturing Director,1,9980,0,10,3,10
32,0,Research & Development,5,Male,Research Scientist,2,3298,1,7,2,6
22,0,Research & Development,16,Male,Laboratory Technician,4,2935,1,1,2,1
53,0,Sales,2,Female,Manager,4,15427,0,31,3,25
38,0,Research & Development,2,Male,Research Scientist,4,3944,1,6,3,3
24,0,Research & Development,11,Female,Manufacturing Director,3,4011,0,5,2,4
36,1,Sales,9,Male,Sales Representative,1,3407,0,10,3,5
34,0,Research & Development,7,Female,Research Director,2,11994,0,13,3,12
21,0,Research & Development,15,Male,Research Scientist,4,1232,0,0,3,0
34,1,Research & Development,6,Male,Research Scientist,1,2960,0,8,3,4
53,0,Research & Development,5,Female,Manager,3,19094,0,26,2,14
32,1,Research & Development,16,Female,Research Scientist,1,3919,1,10,3,10
42,0,Sales,8,Male,Sales Executive,2,6825,0,10,3,9
44,0,Research & Development,7,Female,Healthcare Representative,4,10248,0,24,3,22
46,0,Sales,2,Female,Manager,1,18947,0,22,2,2
33,0,Research & Development,2,Male,Laboratory Technician,4,2496,0,7,3,1
44,0,Research & Development,10,Male,Healthcare Representative,4,6465,1,9,4,4
30,0,Research & Development,9,Male,Laboratory Technician,3,2206,0,10,3,10
39,1,Sales,5,Male,Sales Representative,4,2086,0,19,4,1
24,1,Research & Development,1,Male,Research Scientist,4,2293,1,6,2,2
43,0,Research & Development,2,Female,Research Scientist,3,2645,0,6,2,5
50,1,Sales,3,Male,Sales Representative,3,2683,1,3,3,3
35,0,Sales,2,Female,Sales Representative,4,2014,0,2,3,2
36,0,Research & Development,5,Female,Research Scientist,1,3419,1,6,4,1
33,0,Sales,1,Female,Sales Executive,1,5376,0,10,3,5
35,0,Research & Development,4,Male,Laboratory Technician,4,1951,0,1,3,1
27,0,Research & Development,2,Female,Laboratory Technician,1,2341,0,1,3,1
26,1,Research & Development,25,Male,Laboratory Technician,3,2293,0,1,2,1
27,0,Sales,8,Male,Sales Executive,3,8726,0,9,3,9
30,0,Research & Development,1,Female,Laboratory Technician,4,4011,0,12,3,12
41,1,Research & Development,12,Female,Research Director,3,19545,0,23,3,22
34,0,Sales,23,Male,Sales Executive,3,4568,0,10,3,9
37,0,Research & Development,19,Male,Research Scientist,2,3022,0,8,3,1
46,0,Sales,5,Male,Sales Executive,4,5772,1,14,3,9
35,0,Research & Development,8,Male,Laboratory Technician,4,2269,0,1,3,1
48,1,Research & Development,1,Male,Laboratory Technician,3,5381,1,23,3,1
28,1,Research & Development,5,Male,Laboratory Technician,3,3441,1,2,2,2
44,0,Sales,1,Female,Sales Executive,1,5454,1,9,2,4
35,0,Research & Development,11,Male,Healthcare Representative,1,9884,1,10,3,4
26,0,Sales,23,Female,Sales Executive,4,4157,1,5,2,2
33,0,Research & Development,1,Female,Research Director,4,13458,1,15,3,15
35,0,Sales,18,Male,Sales Executive,1,9069,0,9,2,9
35,0,Research & Development,23,Female,Laboratory Technician,1,4014,1,4,3,2
31,0,Research & Development,7,Male,Laboratory Technician,4,5915,0,10,2,7
37,0,Research & Development,1,Male,Manufacturing Director,3,5993,0,7,4,7
32,0,Research & Development,1,Male,Manufacturing Director,4,6162,1,9,3,9
38,0,Research & Development,29,Female,Laboratory Technician,4,2406,0,10,3,10
50,0,Research & Development,7,Female,Research Director,3,18740,1,29,2,27
59,0,Sales,25,Female,Sales Executive,1,7637,0,28,2,21
36,0,Research & Development,8,Female,Healthcare Representative,3,10096,0,17,3,17
55,0,Research & Development,8,Female,Manager,3,14756,1,21,3,5
36,0,Research & Development,11,Male,Manufacturing Director,2,6499,0,6,3,6
45,0,Research & Development,7,Male,Research Scientist,1,9724,0,25,3,1
35,0,Research & Development,1,Male,Research Scientist,1,2194,0,5,2,3
36,1,Research & Development,9,Male,Research Scientist,3,3388,1,2,2,1
59,0,Sales,1,Female,Sales Executive,3,5473,0,20,2,4
29,0,Research & Development,2,Male,Research Scientist,2,2703,0,6,3,5
31,0,Research & Development,1,Male,Research Scientist,2,2501,0,1,3,1
32,0,Research & Development,1,Male,Research Scientist,2,6220,0,10,3,10
36,0,Research & Development,6,Female,Laboratory Technician,4,3038,0,5,3,1
31,0,Research & Development,8,Female,Manufacturing Director,4,4424,0,11,3,11
35,0,Sales,1,Male,Sales Executive,1,4312,0,16,3,15
45,0,Research & Development,6,Male,Research Director,1,13245,1,17,4,0
37,0,Research & Development,7,Male,Research Director,3,13664,0,16,4,5
46,0,Human Resources,5,Male,Human Resources,2,5021,1,16,3,4
30,0,Research & Development,1,Male,Laboratory Technician,4,5126,1,10,2,10
35,0,Research & Development,1,Male,Research Scientist,3,2859,0,6,3,6
55,0,Sales,1,Male,Sales Executive,4,10239,0,24,3,1
38,0,Research & Development,6,Female,Research Scientist,4,5329,1,17,3,13
34,0,Research & Development,1,Male,Manufacturing Director,2,4325,0,5,3,5
56,0,Research & Development,7,Male,Manufacturing Director,4,7260,0,37,2,6
23,0,Sales,2,Male,Sales Representative,1,2322,0,3,3,0
51,0,Research & Development,9,Male,Laboratory Technician,4,2075,0,10,3,4
30,0,Research & Development,2,Male,Healthcare Representative,4,4152,0,11,3,11
46,1,Sales,9,Male,Sales Executive,4,9619,0,9,3,9
40,0,Research & Development,1,Male,Healthcare Representative,2,13503,0,22,2,22
51,0,Sales,21,Male,Sales Executive,4,5441,1,11,1,10
30,0,Sales,4,Female,Sales Executive,2,5209,1,11,2,11
46,0,Research & Development,1,Male,Healthcare Representative,1,10673,1,21,2,10
32,0,Sales,6,Male,Sales Executive,3,5010,0,12,3,11
54,0,Research & Development,2,Female,Research Director,3,13549,0,16,1,4
24,0,Sales,3,Female,Sales Executive,3,4999,0,4,2,3
28,0,Sales,4,Male,Sales Executive,3,4221,0,5,4,5
58,0,Sales,10,Male,Sales Executive,3,13872,0,38,2,37
44,0,Research & Development,23,Male,Laboratory Technician,2,2042,0,17,4,3
37,1,Human Resources,6,Male,Human Resources,1,2073,1,7,3,3
32,0,Research & Development,1,Male,Research Scientist,1,2956,0,1,3,1
20,1,Research & Development,6,Female,Laboratory Technician,4,2926,1,1,3,1
34,0,Research & Development,6,Female,Research Scientist,3,4809,0,16,3,16
37,0,Research & Development,2,Male,Healthcare Representative,4,5163,0,17,4,1
59,0,Human Resources,2,Female,Manager,4,18844,0,30,3,3
50,0,Research & Development,1,Female,Research Director,2,18172,1,28,2,8
25,1,Sales,5,Male,Sales Executive,3,5744,1,6,3,6
25,0,Research & Development,7,Male,Research Scientist,4,2889,0,2,3,2
22,0,Research & Development,15,Female,Laboratory Technician,4,2871,0,1,3,0
51,0,Research & Development,1,Female,Healthcare Representative,1,7484,0,23,2,13
34,1,Research & Development,7,Male,Laboratory Technician,3,6074,1,9,3,9
54,0,Human Resources,26,Female,Manager,4,17328,1,23,3,5
24,0,Research & Development,18,Male,Laboratory Technician,3,2774,0,6,3,5
34,0,Research & Development,6,Female,Research Scientist,2,4505,0,12,3,1
37,0,Sales,3,Male,Sales Executive,4,7428,0,12,3,5
34,0,Research & Development,5,Female,Manager,1,11631,0,14,3,11
36,0,Sales,11,Female,Sales Executive,4,9738,0,10,3,9
36,0,Research & Development,3,Female,Laboratory Technician,4,2835,0,7,3,1
43,0,Sales,26,Male,Manager,4,16959,1,25,4,25
30,0,Research & Development,23,Male,Research Scientist,3,2613,0,10,2,10
33,0,Sales,22,Male,Sales Executive,2,6146,0,8,4,7
56,1,Research & Development,14,Female,Research Scientist,2,4963,1,7,3,5
51,0,Research & Development,6,Male,Research Director,3,19537,0,23,3,20
31,1,Sales,6,Male,Sales Executive,3,6172,1,12,2,7
26,0,Research & Development,6,Female,Research Scientist,2,2368,0,5,2,5
58,1,Research & Development,23,Female,Healthcare Representative,4,10312,0,40,2,40
19,1,Sales,22,Male,Sales Representative,3,1675,1,0,2,0
22,0,Research & Development,2,Male,Laboratory Technician,4,2523,0,3,3,2
49,0,Research & Development,20,Female,Manufacturing Director,1,6567,0,16,2,15
43,0,Research & Development,28,Female,Research Scientist,3,4739,0,18,3,3
50,0,Sales,12,Female,Sales Executive,4,9208,0,16,3,2
31,1,Sales,20,Female,Sales Executive,3,4559,1,4,3,2
41,0,Sales,9,Male,Sales Executive,3,8189,1,12,3,9
26,0,Human Resources,25,Female,Human Resources,3,2942,0,8,3,8
36,0,Research & Development,6,Male,Manufacturing Director,2,4941,0,7,3,3
51,1,Research & Development,8,Male,Manufacturing Director,4,10650,0,18,3,4
39,0,Sales,4,Female,Sales Executive,3,5902,0,17,4,15
25,0,Sales,28,Male,Sales Executive,3,8639,0,6,3,2
30,0,Human Resources,9,Male,Human Resources,4,6347,1,12,1,11
32,1,Research & Development,9,Female,Laboratory Technician,1,4200,0,10,4,5
45,0,Research & Development,29,Male,Research Scientist,4,3452,0,9,2,6
38,0,Research & Development,3,Female,Research Scientist,3,4317,1,19,3,3
30,0,Research & Development,18,Female,Research Scientist,3,2632,0,5,2,5
32,0,Sales,9,Male,Sales Executive,4,4668,0,9,4,8
30,0,Research & Development,5,Female,Research Scientist,1,3204,0,8,3,3
30,0,Research & Development,2,Male,Laboratory Technician,4,2720,0,6,3,5
41,0,Research & Development,10,Male,Manager,1,17181,0,21,2,7
41,0,Research & Development,9,Male,Laboratory Technician,1,2238,0,7,3,5
19,0,Research & Development,3,Female,Laboratory Technician,2,1483,0,1,3,1
40,0,Research & Development,26,Female,Research Scientist,2,5605,0,20,3,20
35,0,Sales,1,Male,Sales Executive,2,7295,0,10,3,10
53,0,Sales,6,Male,Sales Representative,3,2306,1,13,1,7
45,0,Research & Development,9,Male,Laboratory Technician,2,2348,0,20,1,17
32,0,Sales,8,Female,Sales Executive,4,8998,0,9,3,9
29,0,Research & Development,1,Male,Manufacturing Director,3,4319,0,10,3,10
51,0,Research & Development,7,Male,Manufacturing Director,3,6132,0,10,3,1
58,0,Research & Development,9,Female,Research Scientist,2,3346,1,9,2,1
40,0,Sales,4,Male,Sales Executive,4,10855,0,15,2,12
34,0,Sales,2,Female,Sales Representative,3,2231,0,6,3,4
22,0,Research & Development,19,Male,Research Scientist,4,2323,0,2,3,2
27,0,Research & Development,9,Male,Research Scientist,2,2024,0,6,1,2
28,0,Research & Development,21,Male,Research Scientist,4,2713,0,5,1,5
57,0,Research & Development,24,Male,Healthcare Representative,4,9439,1,12,1,5
27,0,Research & Development,3,Male,Research Scientist,3,2566,1,1,2,1
50,0,Research & Development,11,Female,Manager,2,19926,0,21,3,5
41,0,Research & Development,14,Male,Research Scientist,3,2451,0,13,3,9
30,0,Sales,5,Female,Sales Executive,4,9419,0,12,3,10
38,0,Sales,1,Female,Sales Executive,4,8686,0,12,4,8
32,0,Research & Development,6,Male,Research Scientist,3,3038,0,8,3,5
27,0,Research & Development,17,Male,Research Scientist,2,3058,1,6,2,5
19,1,Sales,1,Female,Sales Representative,1,2325,0,1,4,0
36,0,Research & Development,3,Male,Laboratory Technician,2,2088,0,13,2,8
30,0,Research & Development,9,Male,Laboratory Technician,1,3072,0,12,3,12
45,0,Sales,4,Female,Sales Executive,1,5006,1,9,4,5
56,0,Research & Development,8,Female,Research Scientist,1,4257,1,19,3,2
33,0,Research & Development,2,Male,Research Scientist,4,2500,0,4,4,3
19,1,Research & Development,2,Male,Laboratory Technician,4,1102,0,1,2,1
46,0,Sales,1,Female,Sales Executive,1,10453,0,24,3,24
38,0,Research & Development,9,Female,Laboratory Technician,4,2288,0,2,3,2
31,0,Research & Development,12,Female,Research Scientist,4,3929,1,7,3,4
34,0,Research & Development,27,Female,Research Scientist,2,2311,0,9,3,3
41,1,Sales,20,Female,Sales Representative,2,3140,1,4,2,4
50,0,Research & Development,1,Male,Laboratory Technician,3,3690,0,5,2,3
53,0,Research & Development,13,Female,Manufacturing Director,1,4450,0,5,3,4
33,0,Research & Development,14,Female,Research Scientist,2,2756,0,8,3,8
40,0,Research & Development,4,Female,Manager,3,19033,0,21,3,20
55,0,Research & Development,14,Male,Research Director,2,18722,0,36,3,24
34,0,Research & Development,2,Male,Manufacturing Director,3,9547,0,10,2,10
51,0,Research & Development,3,Female,Healthcare Representative,2,13734,0,21,3,7
52,0,Research & Development,1,Male,Manager,3,19999,0,34,3,33
27,0,Research & Development,9,Female,Research Scientist,2,2279,0,7,2,7
35,1,Research & Development,23,Male,Manufacturing Director,3,5916,1,8,3,1
43,0,Research & Development,7,Male,Research Scientist,4,2089,0,7,4,5
45,0,Research & Development,2,Male,Manager,4,16792,0,22,3,20
37,0,Research & Development,21,Male,Research Scientist,1,3564,1,8,2,8
35,0,Research & Development,2,Female,Laboratory Technician,2,4425,0,10,3,6
42,0,Research & Development,21,Female,Manufacturing Director,3,5265,0,11,3,5
38,0,Research & Development,2,Male,Manufacturing Director,3,6553,0,14,3,1
38,0,Research & Development,29,Male,Manufacturing Director,4,6261,0,9,1,7
27,0,Research & Development,1,Male,Manufacturing Director,1,4298,0,6,3,2
49,0,Research & Development,18,Male,Manufacturing Director,4,6804,1,7,3,7
34,0,Research & Development,10,Male,Research Scientist,3,3815,1,5,4,5
40,0,Research & Development,19,Male,Laboratory Technician,4,2741,1,15,4,7
38,1,Research & Development,29,Male,Healthcare Representative,1,6673,1,17,3,1
29,1,Sales,27,Female,Sales Executive,4,7639,0,10,2,10
22,0,Research & Development,5,Male,Research Scientist,2,2328,1,4,2,4
36,0,Research & Development,18,Female,Laboratory Technician,4,2153,0,8,3,8
40,0,Research & Development,9,Male,Healthcare Representative,4,4876,0,5,1,3
46,0,Research & Development,1,Male,Healthcare Representative,1,9396,0,17,3,4
32,1,Sales,4,Male,Sales Executive,4,10400,0,14,2,14
30,0,Research & Development,1,Male,Manufacturing Director,3,8474,0,12,3,11
27,0,Sales,20,Female,Sales Executive,3,9981,0,7,3,7
51,0,Research & Development,8,Male,Research Director,2,12490,0,16,1,10
30,1,Research & Development,3,Female,Research Scientist,1,2657,1,8,3,5
41,0,Sales,6,Female,Manager,4,13591,1,16,3,1
30,1,Sales,26,Female,Sales Executive,1,6696,0,9,2,6
29,1,Research & Development,1,Male,Research Scientist,3,2058,0,7,2,6
45,0,Sales,6,Female,Sales Executive,4,8865,0,23,3,19
54,0,Sales,3,Female,Sales Executive,1,5940,0,16,3,6
36,0,Research & Development,5,Male,Laboratory Technician,2,5914,0,16,4,13
33,0,Research & Development,4,Female,Research Scientist,2,2622,0,7,3,3
37,0,Research & Development,11,Male,Research Director,4,12185,1,10,3,10
38,0,Sales,3,Male,Sales Executive,3,10609,0,17,2,16
31,0,Research & Development,1,Male,Manufacturing Director,3,4345,0,6,3,5
59,0,Research & Development,3,Male,Research Scientist,4,2177,0,7,3,1
37,0,Sales,4,Male,Sales Representative,4,2793,0,13,3,9
29,0,Sales,1,Female,Sales Executive,4,7918,0,11,3,11
35,0,Sales,1,Female,Sales Executive,3,8789,0,10,4,10
29,1,Research & Development,18,Male,Research Scientist,4,2389,1,4,2,4
52,0,Research & Development,2,Female,Laboratory Technician,4,3212,0,6,2,2
42,0,Research & Development,4,Male,Manager,4,19232,0,22,3,22
59,0,Human Resources,6,Male,Human Resources,3,2267,0,7,2,2
50,0,Sales,1,Female,Manager,4,19517,0,32,2,7
33,1,Research & Development,14,Male,Laboratory Technician,4,2436,1,8,1,5
43,0,Sales,16,Female,Manager,4,16064,1,22,3,17
33,1,Research & Development,2,Female,Laboratory Technician,1,2707,0,13,4,9
52,0,Sales,2,Male,Manager,3,19068,1,33,4,33
32,0,Sales,4,Female,Sales Representative,2,3931,0,6,3,4
32,1,Research & Development,1,Male,Laboratory Technician,3,3730,1,4,1,3
39,0,Research & Development,1,Female,Laboratory Technician,3,2232,0,7,3,3
32,0,Sales,26,Male,Sales Executive,4,4465,0,4,3,3
41,0,Research & Development,19,Male,Research Scientist,1,3072,0,17,2,1
40,0,Research & Development,24,Male,Research Scientist,4,3319,0,9,3,9
45,0,Research & Development,1,Male,Manager,4,19202,0,25,3,24
31,0,Research & Development,3,Male,Research Director,3,13675,0,9,3,2
33,0,Research & Development,5,Female,Research Scientist,4,2911,0,2,2,2
34,0,Research & Development,2,Male,Manufacturing Director,1,5957,0,13,3,11
37,0,Research & Development,1,Female,Research Scientist,1,3920,0,17,2,3
45,0,Research & Development,7,Male,Manufacturing Director,3,6434,0,9,3,3
37,1,Research & Development,10,Male,Manufacturing Director,3,10048,0,17,3,1
39,0,Research & Development,2,Female,Healthcare Representative,3,10938,0,20,3,19
29,0,Research & Development,15,Male,Research Scientist,4,2340,0,6,3,6
42,0,Research & Development,17,Female,Research Scientist,1,6545,1,10,3,3
29,0,Sales,20,Male,Sales Executive,4,6931,0,10,3,3
25,0,Research & Development,1,Female,Manufacturing Director,3,4898,0,5,3,4
42,0,Research & Development,2,Female,Laboratory Technician,1,2593,1,10,3,9
40,0,Research & Development,2,Male,Research Director,3,19436,0,22,3,21
51,0,Research & Development,1,Male,Research Scientist,4,2723,0,1,2,1
31,1,Research & Development,29,Male,Laboratory Technician,2,3479,0,6,4,5
32,0,Research & Development,7,Male,Laboratory Technician,2,2794,0,5,1,5
38,0,Sales,2,Male,Sales Executive,4,5249,0,13,3,8
32,0,Research & Development,2,Male,Laboratory Technician,1,2176,0,9,3,6
46,0,Sales,2,Female,Manager,2,16872,1,28,2,7
28,1,Research & Development,2,Male,Laboratory Technician,3,3485,0,5,1,0
29,0,Sales,2,Male,Sales Executive,2,6644,0,10,3,0
31,0,Research & Development,23,Male,Healthcare Representative,4,5582,0,10,3,9
25,0,Research & Development,5,Male,Healthcare Representative,1,4000,0,6,3,6
45,0,Research & Development,20,Male,Healthcare Representative,4,13496,1,21,3,20
36,0,Research & Development,6,Male,Laboratory Technician,4,3210,0,16,3,15
55,0,Research & Development,1,Male,Manager,1,19045,1,37,3,36
47,1,Research & Development,29,Male,Manager,2,11849,1,10,2,10
28,0,Research & Development,9,Male,Research Scientist,4,2070,0,5,2,5
37,0,Sales,6,Male,Sales Executive,4,6502,0,7,4,5
21,0,Research & Development,3,Male,Research Scientist,3,3230,0,3,4,3
37,0,Research & Development,1,Female,Research Director,4,13603,1,15,3,5
35,0,Research & Development,22,Female,Manager,2,11996,0,10,2,7
38,0,Sales,7,Female,Sales Executive,1,5605,1,8,3,8
26,0,Research & Development,1,Female,Manufacturing Director,2,6397,0,6,1,6
50,0,Research & Development,4,Male,Research Director,2,19144,0,28,2,10
53,0,Research & Development,3,Male,Research Director,3,17584,1,21,2,5
42,0,Sales,1,Male,Sales Executive,3,4907,0,20,3,20
29,0,Sales,2,Male,Sales Executive,4,4554,0,10,2,10
55,0,Research & Development,20,Male,Laboratory Technician,4,5415,1,12,3,10
26,0,Research & Development,11,Male,Healthcare Representative,1,4741,1,5,3,5
37,0,Research & Development,1,Female,Research Scientist,4,2115,0,17,3,17
44,1,Research & Development,24,Male,Laboratory Technician,3,3161,1,19,1,1
38,0,Research & Development,23,Male,Healthcare Representative,4,5745,0,10,3,2
26,1,Research & Development,16,Male,Laboratory Technician,2,2373,1,5,3,3
28,0,Research & Development,8,Female,Research Scientist,4,3310,0,5,3,5
49,0,Research & Development,10,Female,Research Director,1,18665,1,22,3,3
36,0,Research & Development,3,Male,Research Scientist,2,4485,0,10,3,8
31,0,Sales,5,Female,Sales Representative,2,2789,0,2,2,2
26,1,Sales,4,Male,Sales Executive,4,5828,1,8,3,8
37,0,Research & Development,9,Male,Research Scientist,4,2326,1,4,2,4
42,0,Sales,26,Female,Sales Executive,2,13525,0,23,4,20
18,1,Research & Development,3,Male,Laboratory Technician,3,1420,0,0,3,0
35,0,Sales,16,Male,Sales Executive,2,8020,0,12,2,11
36,0,Research & Development,18,Male,Laboratory Technician,4,3688,0,4,3,1
51,0,Research & Development,2,Male,Manufacturing Director,2,5482,0,13,3,4
41,0,Sales,2,Male,Manager,2,16015,0,22,3,22
18,0,Sales,10,Female,Sales Representative,3,1200,0,0,3,0
28,0,Research & Development,16,Male,Healthcare Representative,1,5661,0,9,3,8
31,0,Sales,7,Male,Sales Executive,4,6929,0,10,2,8
39,0,Research & Development,1,Male,Healthcare Representative,4,9613,0,19,2,18
36,0,Research & Development,24,Female,Laboratory Technician,2,5674,0,11,3,9
32,0,Sales,7,Male,Sales Executive,3,5484,0,13,2,13
38,0,Research & Development,25,Female,Research Director,2,12061,0,19,3,10
58,0,Research & Development,1,Male,Healthcare Representative,3,5660,1,12,3,5
31,0,Research & Development,5,Male,Research Scientist,4,4821,1,6,3,5
31,0,Human Resources,2,Male,Human Resources,1,6410,0,9,3,2
45,0,Research & Development,7,Male,Laboratory Technician,1,5210,0,24,3,24
31,0,Research & Development,2,Male,Research Scientist,4,2695,1,3,1,2
33,0,Research & Development,5,Female,Manager,2,11878,0,12,3,10
39,0,Research & Development,10,Male,Manager,1,17068,1,21,3,21
43,0,Research & Development,10,Female,Laboratory Technician,4,2455,0,9,3,8
49,0,Research & Development,1,Female,Healthcare Representative,3,13964,1,25,3,7
52,1,Research & Development,8,Male,Research Scientist,2,4941,0,11,2,8
27,0,Research & Development,5,Female,Research Scientist,2,2478,1,4,2,4
32,0,Sales,8,Female,Sales Executive,2,5228,1,13,3,13
27,0,Sales,2,Male,Sales Executive,3,4478,1,5,3,5
31,0,Sales,7,Male,Sales Executive,4,7547,0,13,3,7
32,0,Research & Development,2,Female,Research Scientist,4,5055,0,10,2,7
28,1,Research & Development,2,Male,Research Scientist,4,3464,1,5,2,3
30,0,Research & Development,28,Female,Research Scientist,4,5775,0,11,3,10
31,0,Research & Development,7,Female,Manufacturing Director,3,8943,0,10,3,10
39,0,Research & Development,7,Male,Manager,4,19272,0,21,3,21
39,1,Sales,3,Female,Sales Executive,3,5238,1,12,2,1
33,0,Sales,10,Male,Sales Executive,4,4682,0,9,2,7
47,0,Research & Development,5,Male,Research Director,3,18300,0,21,3,3
43,0,Research & Development,10,Female,Laboratory Technician,3,5257,0,9,4,9
27,0,Sales,1,Male,Sales Executive,2,6349,1,6,3,5
54,0,Research & Development,20,Female,Research Scientist,3,4869,0,20,2,4
43,0,Research & Development,7,Female,Healthcare Representative,1,9985,0,10,2,1
45,0,Research & Development,8,Male,Research Scientist,4,3697,0,12,3,10
40,0,Sales,1,Male,Sales Executive,4,7457,1,6,2,4
29,1,Research & Development,8,Male,Laboratory Technician,1,2119,1,7,2,7
29,0,Research & Development,9,Male,Laboratory Technician,4,3983,0,4,3,3
30,0,Sales,5,Female,Sales Executive,3,6118,0,10,3,10
27,0,Sales,8,Female,Sales Executive,2,6214,0,8,3,8
37,0,Research & Development,5,Male,Manufacturing Director,4,6347,0,8,2,6
38,0,Research & Development,15,Male,Research Director,4,11510,1,12,3,11
31,0,Research & Development,7,Female,Manufacturing Director,4,7143,1,11,2,11
29,0,Sales,10,Female,Sales Executive,2,8268,1,7,3,7
35,0,Research & Development,5,Male,Manufacturing Director,2,8095,0,17,3,16
23,0,Research & Development,26,Male,Research Scientist,4,2904,0,4,2,4
41,0,Research & Development,6,Male,Manufacturing Director,2,6032,1,8,3,5
47,0,Sales,4,Male,Sales Representative,3,2976,0,5,3,0
42,0,Research & Development,23,Female,Research Director,4,15992,0,16,3,1
29,0,Sales,2,Male,Sales Executive,3,4649,0,4,2,4
42,0,Human Resources,2,Male,Human Resources,3,2696,1,4,3,3
32,0,Research & Development,2,Female,Laboratory Technician,2,2370,0,8,3,8
48,0,Sales,29,Female,Manager,3,12504,0,15,1,0
37,0,Research & Development,6,Male,Research Scientist,1,5974,1,13,3,7
30,0,Sales,25,Female,Sales Executive,3,4736,1,4,4,2
26,0,Sales,1,Male,Sales Executive,3,5296,0,8,3,8
42,0,Research & Development,2,Male,Healthcare Representative,4,6781,0,14,3,1
21,1,Sales,1,Female,Sales Representative,2,2174,1,3,3,3
36,0,Sales,1,Female,Sales Executive,4,6653,0,7,3,1
36,0,Sales,3,Male,Sales Executive,4,9699,0,16,3,13
57,0,Research & Development,1,Male,Healthcare Representative,3,6755,0,15,3,3
40,0,Research & Development,10,Female,Laboratory Technician,3,2213,1,10,3,7
21,0,Sales,9,Male,Sales Representative,4,2610,0,3,2,3
33,1,Sales,5,Female,Sales Representative,3,2851,1,1,3,1
37,0,Research & Development,10,Female,Laboratory Technician,1,3452,0,17,3,5
46,0,Research & Development,7,Female,Manufacturing Director,3,5258,0,7,4,1
41,1,Sales,4,Male,Sales Executive,2,9355,0,8,3,8
50,0,Research & Development,10,Male,Healthcare Representative,4,10496,0,20,3,4
40,1,Sales,22,Male,Sales Executive,3,6380,1,8,3,6
31,0,Research & Development,9,Male,Research Scientist,2,2657,1,3,3,2
21,1,Sales,12,Female,Sales Representative,2,2716,0,1,3,1
29,0,Research & Development,23,Male,Research Scientist,4,2201,0,6,3,3
35,0,Research & Development,9,Male,Healthcare Representative,2,6540,0,10,3,1
27,0,Research & Development,1,Male,Laboratory Technician,2,3816,0,5,3,5
28,0,Sales,9,Male,Sales Executive,4,5253,0,7,3,7
49,0,Research & Development,7,Male,Healthcare Representative,3,10965,0,26,3,5
51,0,Sales,14,Female,Sales Executive,4,4936,0,18,2,7
36,0,Research & Development,2,Female,Research Scientist,3,2543,0,6,3,2
34,1,Sales,19,Male,Sales Executive,4,5304,1,9,2,5
55,0,Research & Development,2,Female,Manager,4,16659,1,30,3,5
24,0,Sales,10,Female,Sales Executive,3,4260,1,5,4,5
30,0,Sales,2,Male,Sales Representative,2,2476,0,1,3,1
26,1,Research & Development,3,Male,Research Scientist,1,3102,0,7,3,6
22,0,Research & Development,11,Female,Research Scientist,2,2244,0,2,3,2
36,0,Sales,2,Male,Sales Executive,3,7596,0,10,3,10
30,1,Research & Development,4,Male,Research Scientist,4,2285,1,3,3,1
37,0,Research & Development,14,Female,Laboratory Technician,1,3034,0,18,2,18
40,0,Sales,2,Female,Sales Executive,2,5715,0,8,3,5
42,0,Research & Development,1,Female,Laboratory Technician,1,2576,0,8,3,5
37,0,Research & Development,10,Male,Manufacturing Director,2,4197,1,18,2,1
43,0,Research & Development,12,Male,Research Director,2,14336,0,25,3,25
40,0,Research & Development,2,Female,Laboratory Technician,3,3448,0,20,3,1
54,0,Research & Development,5,Male,Research Director,1,19406,0,24,2,4
34,0,Sales,4,Female,Sales Executive,3,6538,0,6,3,3
31,0,Research & Development,7,Female,Manufacturing Director,1,4306,0,13,1,13
43,0,Research & Development,21,Male,Laboratory Technician,4,2258,0,8,3,3
43,0,Research & Development,8,Female,Healthcare Representative,3,4522,1,8,3,5
25,0,Sales,4,Female,Sales Executive,4,4487,1,5,3,5
37,0,Research & Development,25,Female,Research Scientist,3,4449,1,15,3,13
31,0,Research & Development,1,Male,Laboratory Technician,1,2218,0,4,3,4
39,0,Research & Development,1,Male,Manager,3,19197,1,21,3,21
56,0,Sales,6,Female,Sales Executive,1,13212,0,36,2,7
30,0,Sales,12,Female,Sales Executive,3,6577,0,6,3,5
41,0,Sales,1,Male,Sales Executive,1,8392,0,10,3,10
28,0,Research & Development,17,Male,Laboratory Technician,1,4558,0,10,3,10
25,1,Research & Development,3,Male,Laboratory Technician,1,4031,0,6,3,2
52,0,Research & Development,3,Male,Manufacturing Director,3,7969,1,28,3,5
45,0,Research & Development,10,Male,Research Scientist,4,2654,0,8,2,2
52,0,Research & Development,4,Female,Manager,4,16555,0,31,1,5
42,0,Research & Development,29,Female,Research Scientist,3,4556,0,19,3,5
30,0,Research & Development,2,Female,Manufacturing Director,4,6091,0,11,3,5
60,0,Research & Development,7,Female,Manager,1,19566,0,33,1,29
46,0,Research & Development,18,Female,Manufacturing Director,3,4810,0,19,2,10
42,0,Research & Development,28,Female,Healthcare Representative,4,4523,0,7,4,6
24,1,Sales,1,Female,Sales Representative,2,3202,1,6,3,5
34,1,Sales,6,Female,Sales Representative,3,2351,0,3,2,2
38,0,Research & Development,2,Male,Laboratory Technician,4,1702,1,1,3,1
40,0,Sales,2,Female,Manager,3,18041,0,21,3,20
26,0,Research & Development,23,Female,Research Scientist,4,2886,0,3,1,3
30,0,Research & Development,3,Male,Laboratory Technician,4,2097,0,9,1,5
29,0,Research & Development,3,Male,Research Director,3,11935,0,10,3,10
29,1,Research & Development,25,Female,Research Scientist,2,2546,0,6,4,2
19,1,Human Resources,2,Male,Human Resources,4,2564,0,1,4,1
30,0,Sales,22,Female,Sales Executive,1,8412,0,10,3,9
57,0,Sales,29,Male,Manager,4,14118,0,32,2,1
50,0,Research & Development,29,Male,Manager,3,17046,0,28,3,27
30,0,Research & Development,2,Female,Laboratory Technician,4,2564,0,12,2,11
60,0,Sales,28,Female,Sales Executive,1,10266,0,22,4,18
47,0,Research & Development,2,Female,Manufacturing Director,4,5070,0,20,3,5
46,0,Research & Development,2,Male,Research Director,3,17861,0,26,1,3
35,0,Research & Development,22,Male,Laboratory Technician,3,4230,0,6,3,5
54,0,Research & Development,8,Female,Laboratory Technician,3,3780,0,19,3,1
34,0,Research & Development,2,Male,Research Scientist,3,2768,0,14,3,7
46,0,Sales,10,Female,Sales Executive,4,9071,1,15,3,3
31,0,Research & Development,9,Male,Manufacturing Director,2,10648,0,13,4,13
33,1,Research & Development,15,Male,Manager,3,13610,1,15,4,7
33,1,Research & Development,10,Male,Laboratory Technician,4,3408,0,8,3,4
30,0,Sales,7,Male,Sales Representative,2,2983,0,4,3,3
35,0,Research & Development,16,Male,Healthcare Representative,3,7632,1,10,3,8
31,1,Research & Development,20,Male,Healthcare Representative,3,9824,0,12,3,1
34,1,Human Resources,23,Female,Human Resources,1,9950,1,11,3,3
42,0,Research & Development,5,Male,Laboratory Technician,3,2093,0,8,3,2
36,0,Sales,10,Male,Sales Executive,4,9980,0,10,2,10
22,1,Research & Development,4,Male,Laboratory Technician,3,3894,0,4,3,2
48,0,Sales,2,Female,Sales Executive,4,4051,0,14,3,9
55,0,Sales,18,Female,Manager,2,16835,0,37,3,10
41,0,Sales,10,Male,Sales Executive,4,6230,0,16,3,14
35,0,Sales,1,Male,Sales Executive,3,4717,0,15,3,11
40,0,Research & Development,6,Female,Manufacturing Director,3,13237,0,22,3,20
39,0,Research & Development,8,Female,Laboratory Technician,3,3755,0,8,3,8
31,0,Sales,2,Male,Sales Executive,4,6582,1,10,4,6
42,0,Research & Development,24,Male,Manufacturing Director,1,7406,1,10,2,10
45,0,Sales,2,Male,Sales Executive,2,4805,0,9,4,8
26,1,Human Resources,17,Female,Human Resources,3,2741,1,8,2,7
29,0,Research & Development,19,Male,Manufacturing Director,4,4262,0,8,4,3
33,0,Research & Development,1,Female,Research Director,3,16184,0,10,3,6
31,0,Sales,7,Male,Manager,4,11557,0,10,2,5
18,1,Sales,5,Male,Sales Representative,2,1878,1,0,3,0
40,0,Sales,28,Male,Sales Executive,1,10932,0,20,3,1
41,0,Research & Development,2,Female,Healthcare Representative,3,6811,1,10,3,8
26,0,Sales,29,Male,Sales Executive,3,4306,0,8,3,0
35,0,Sales,1,Female,Sales Executive,3,4859,0,5,3,5
34,0,Sales,21,Male,Sales Executive,4,5337,0,10,3,10
26,1,Research & Development,24,Male,Laboratory Technician,4,2340,1,1,1,1
37,0,Research & Development,1,Female,Manufacturing Director,4,7491,0,12,4,6
46,0,Research & Development,18,Female,Healthcare Representative,3,10527,0,28,2,2
41,0,Sales,2,Female,Manager,1,16595,0,22,3,18
37,0,Sales,9,Male,Sales Executive,2,8834,0,9,3,9
52,0,Research & Development,6,Male,Research Scientist,1,5577,1,18,3,10
32,1,Sales,11,Male,Sales Executive,3,4707,0,6,3,4
24,0,Sales,24,Male,Sales Representative,4,2400,0,3,3,2
38,0,Research & Development,10,Female,Healthcare Representative,3,9824,0,18,3,1
37,0,Research & Development,1,Female,Manufacturing Director,2,6447,0,8,2,6
49,0,Research & Development,18,Male,Research Director,3,19502,1,31,3,31
24,0,Research & Development,23,Male,Research Scientist,4,2725,1,6,3,6
26,0,Sales,28,Male,Sales Executive,2,6272,0,6,4,5
24,0,Research & Development,17,Male,Laboratory Technician,2,2127,0,1,3,1
50,0,Human Resources,3,Male,Manager,2,18200,0,32,3,32
25,0,Sales,13,Male,Sales Representative,3,2096,0,7,3,7
24,1,Research & Development,7,Female,Laboratory Technician,3,2886,1,6,3,6
30,1,Sales,12,Male,Sales Representative,1,2033,0,1,4,1
34,0,Research & Development,1,Male,Research Scientist,4,3622,1,6,3,6
31,1,Sales,13,Male,Sales Executive,1,4233,0,9,1,3
35,0,Research & Development,25,Male,Laboratory Technician,4,3681,0,9,3,3
31,0,Sales,6,Male,Sales Executive,4,5460,0,13,4,7
27,0,Research & Development,6,Female,Research Scientist,3,2187,0,6,2,5
37,0,Sales,2,Male,Sales Executive,3,9602,1,17,2,3
20,0,Research & Development,1,Female,Research Scientist,2,2836,0,1,4,1
42,0,Research & Development,2,Female,Healthcare Representative,4,4089,0,10,3,10
43,0,Research & Development,6,Male,Research Director,4,16627,1,21,2,1
38,0,Research & Development,1,Female,Research Scientist,1,2619,0,8,2,0
43,0,Research & Development,9,Male,Laboratory Technician,3,5679,1,10,3,8
48,0,Research & Development,1,Female,Manager,1,15402,0,21,1,3
44,0,Human Resources,1,Female,Human Resources,3,5985,0,10,4,2
34,0,Sales,14,Female,Sales Representative,3,2579,1,8,3,8
27,1,Sales,2,Male,Sales Representative,1,3041,0,5,3,4
21,0,Sales,22,Male,Sales Representative,3,3447,0,3,3,3
44,0,Research & Development,3,Male,Manager,4,19513,1,26,4,2
22,0,Research & Development,6,Male,Research Scientist,3,2773,0,3,3,2
33,0,Sales,8,Male,Sales Executive,3,7104,0,6,3,5
32,0,Research & Development,9,Female,Research Scientist,4,6322,1,6,2,6
30,0,Research & Development,3,Female,Research Scientist,3,2083,0,1,3,1
53,0,Sales,1,Female,Sales Executive,1,8381,0,18,4,14
34,0,Research & Development,1,Male,Research Scientist,4,2691,0,10,2,10
45,1,Sales,26,Female,Sales Executive,1,4286,0,5,3,1
26,0,Research & Development,6,Female,Laboratory Technician,4,2659,1,3,3,3
37,0,Research & Development,3,Male,Manufacturing Director,3,9434,0,10,3,10
29,0,Sales,3,Female,Sales Executive,3,5561,0,6,2,6
35,0,Research & Development,6,Male,Research Scientist,4,6646,0,17,3,17
33,0,Research & Development,6,Male,Healthcare Representative,4,7725,0,15,1,13
54,0,Human Resources,19,Male,Human Resources,2,10725,0,16,4,9
36,0,Research & Development,9,Male,Manufacturing Director,2,8847,1,13,3,3
27,0,Research & Development,3,Male,Research Scientist,4,2045,0,5,3,4
20,1,Research & Development,10,Male,Research Scientist,3,1009,1,1,3,1
33,1,Research & Development,3,Male,Research Scientist,1,3348,1,10,3,10
35,0,Research & Development,3,Male,Laboratory Technician,3,1281,0,1,3,1
23,0,Research & Development,4,Male,Research Scientist,1,2819,0,5,4,3
25,0,Sales,8,Male,Sales Executive,2,4851,0,4,3,3
38,0,Sales,7,Female,Sales Executive,4,4028,0,8,3,7
29,0,Research & Development,1,Male,Research Scientist,4,2720,0,10,3,10
48,0,Sales,2,Male,Sales Executive,2,8120,0,12,3,2
27,0,Sales,3,Female,Sales Executive,4,4647,1,6,3,6
37,0,Research & Development,10,Male,Research Scientist,4,4680,0,4,3,1
50,0,Research & Development,28,Male,Laboratory Technician,3,3221,1,20,3,20
34,0,Research & Development,9,Female,Healthcare Representative,2,8621,0,9,4,8
24,1,Sales,3,Female,Sales Executive,3,4577,0,4,3,2
39,0,Research & Development,2,Female,Healthcare Representative,3,4553,0,20,3,20
32,0,Sales,10,Male,Sales Executive,4,5396,0,10,2,10
50,1,Sales,8,Male,Sales Executive,3,6796,1,18,3,4
38,0,Research & Development,1,Female,Healthcare Representative,4,7625,0,10,2,9
27,0,Research & Development,1,Female,Manufacturing Director,1,7412,0,9,3,9
32,0,Research & Development,3,Female,Research Director,4,11159,0,10,3,7
47,0,Sales,14,Male,Sales Executive,1,4960,0,20,3,7
40,0,Sales,5,Male,Sales Executive,1,10475,1,20,3,18
53,0,Research & Development,7,Male,Research Director,3,14814,0,32,3,5
41,0,Human Resources,10,Male,Manager,4,19141,0,23,2,21
60,0,Sales,16,Male,Sales Executive,1,5405,0,10,3,2
27,0,Research & Development,10,Male,Manufacturing Director,1,8793,0,9,2,9
41,0,Human Resources,1,Male,Manager,3,19189,0,22,3,22
50,0,Sales,8,Male,Sales Representative,2,3875,0,4,3,2
28,1,Research & Development,1,Female,Research Scientist,2,2216,1,10,3,7
36,0,Research & Development,8,Female,Research Director,1,11713,0,10,3,8
38,0,Research & Development,1,Female,Manufacturing Director,3,7861,1,10,4,1
44,0,Research & Development,24,Male,Laboratory Technician,3,3708,0,9,3,5
47,0,Sales,3,Female,Sales Executive,3,13770,1,28,2,22
30,0,Sales,27,Male,Sales Executive,4,5304,0,10,2,8
29,0,Sales,10,Male,Sales Representative,3,2642,0,1,3,1
42,1,Research & Development,19,Male,Research Scientist,3,2759,1,7,3,2
43,0,Sales,15,Male,Sales Executive,4,6804,0,7,3,2
34,0,Research & Development,8,Female,Healthcare Representative,3,6142,0,10,3,5
23,0,Research & Development,9,Male,Laboratory Technician,1,2500,0,5,4,4
39,0,Human Resources,3,Female,Human Resources,2,6389,0,12,1,8
56,0,Research & Development,9,Male,Healthcare Representative,4,11103,0,30,2,10
40,0,Research & Development,2,Female,Research Scientist,4,2342,1,5,2,4
27,0,Research & Development,7,Female,Healthcare Representative,1,6811,0,9,1,7
29,0,Sales,10,Male,Sales Representative,2,2297,0,2,3,2
53,0,Research & Development,6,Male,Laboratory Technician,4,2450,0,19,3,2
35,0,Research & Development,2,Female,Healthcare Representative,1,5093,0,16,4,1
32,0,Research & Development,24,Male,Laboratory Technician,4,5309,0,10,3,10
38,0,Research & Development,2,Male,Research Scientist,3,3057,1,6,1,1
34,0,Research & Development,8,Female,Manufacturing Director,1,5121,0,7,3,0
52,0,Sales,3,Male,Manager,1,16856,0,34,4,34
33,1,Research & Development,1,Male,Research Scientist,4,2686,1,10,2,10
25,0,Sales,26,Female,Sales Executive,4,6180,0,6,2,6
45,0,Sales,2,Male,Sales Representative,3,6632,0,9,3,8
23,0,Research & Development,10,Male,Research Scientist,3,3505,0,2,3,2
47,1,Sales,27,Female,Sales Executive,3,6397,1,8,3,5
34,0,Sales,2,Male,Sales Executive,4,6274,0,6,3,6
55,1,Research & Development,2,Male,Manager,1,19859,1,24,3,5
36,0,Sales,8,Male,Sales Executive,1,7587,0,10,3,10
52,0,Research & Development,19,Male,Research Scientist,4,4258,0,5,3,4
26,0,Research & Development,1,Female,Laboratory Technician,4,4364,0,5,3,2
29,0,Research & Development,27,Female,Healthcare Representative,3,4335,0,11,2,8
26,1,Sales,8,Male,Sales Executive,1,5326,0,6,2,4
34,0,Research & Development,1,Female,Research Scientist,4,3280,0,10,3,4
54,0,Research & Development,19,Female,Manufacturing Director,1,5485,1,9,3,5
27,0,Sales,8,Male,Sales Executive,4,4342,0,5,3,4
37,0,Research & Development,10,Female,Research Scientist,1,2782,1,6,2,5
38,0,Research & Development,2,Female,Manufacturing Director,1,5980,1,17,3,15
34,0,Research & Development,2,Female,Research Scientist,1,4381,0,6,3,6
35,0,Sales,8,Female,Sales Representative,4,2572,0,3,2,3
30,0,Research & Development,1,Male,Laboratory Technician,3,3833,0,7,3,2
40,0,Research & Development,2,Female,Healthcare Representative,2,4244,0,8,3,8
34,0,Sales,8,Female,Sales Executive,1,6500,0,6,3,3
42,0,Research & Development,8,Male,Manager,4,18430,0,24,2,24
23,1,Research & Development,6,Male,Laboratory Technician,1,1601,1,1,3,0
24,0,Research & Development,9,Male,Laboratory Technician,2,2694,0,1,3,1
52,0,Research & Development,11,Female,Laboratory Technician,3,3149,0,9,3,5
50,0,Research & Development,2,Male,Research Director,3,17639,0,30,3,4
29,1,Research & Development,1,Female,Laboratory Technician,1,2319,1,1,3,1
33,0,Research & Development,7,Male,Research Director,3,11691,0,14,4,13
33,1,Sales,16,Female,Sales Executive,1,5324,0,6,3,3
47,0,Research & Development,2,Female,Manager,4,16752,1,26,2,26
36,0,Research & Development,1,Female,Manufacturing Director,2,5228,0,10,3,9
29,0,Research & Development,23,Male,Research Scientist,3,2700,0,10,3,10
58,1,Research & Development,2,Male,Research Director,2,19246,1,40,3,31
35,0,Research & Development,1,Female,Research Scientist,3,2506,0,7,3,2
42,0,Research & Development,1,Female,Manufacturing Director,4,6062,1,8,3,4
28,1,Research & Development,2,Male,Research Scientist,3,4382,0,5,2,2
36,0,Human Resources,13,Male,Human Resources,2,2143,0,8,3,5
32,0,Research & Development,4,Female,Manufacturing Director,3,6162,0,14,3,14
40,0,Research & Development,16,Male,Laboratory Technician,3,5094,0,10,3,1
30,0,Research & Development,2,Female,Manufacturing Director,4,6877,1,12,2,0
45,0,Research & Development,2,Female,Research Scientist,3,2274,0,1,3,1
42,0,Research & Development,29,Male,Manufacturing Director,2,4434,0,10,2,9
38,0,Research & Development,12,Male,Healthcare Representative,1,6288,0,13,2,4
34,0,Research & Development,16,Female,Research Scientist,4,2553,0,6,3,5
49,1,Sales,11,Female,Sales Executive,4,7654,0,9,4,9
55,1,Sales,2,Male,Sales Executive,4,5160,0,12,2,9
43,0,Research & Development,14,Male,Research Director,1,17159,0,22,3,4
27,0,Research & Development,5,Male,Research Director,4,12808,1,9,3,9
35,0,Research & Development,7,Male,Manufacturing Director,3,10221,0,17,4,8
28,0,Sales,2,Female,Sales Executive,2,4779,1,8,3,8
34,0,Human Resources,3,Male,Human Resources,4,3737,0,4,1,3
26,1,Research & Development,5,Female,Research Scientist,3,2366,1,8,3,8
27,0,Research & Development,3,Male,Research Scientist,4,1706,0,0,2,0
51,0,Sales,26,Female,Manager,3,16307,0,29,2,20
44,0,Research & Development,4,Male,Healthcare Representative,2,5933,0,10,2,5
25,0,Research & Development,2,Male,Research Scientist,1,3424,0,6,2,4
33,0,Sales,1,Male,Sales Executive,1,4037,0,9,3,9
35,0,Research & Development,27,Female,Research Scientist,1,2559,0,6,2,6
36,0,Sales,1,Male,Sales Executive,4,6201,1,18,2,18
32,0,Sales,13,Male,Sales Executive,4,4403,0,8,2,5
30,0,Research & Development,5,Male,Research Scientist,4,3761,0,10,2,5
53,0,Sales,7,Female,Sales Executive,4,10934,1,35,3,5
45,0,Sales,9,Male,Sales Executive,1,10761,1,18,3,5
32,0,Research & Development,8,Female,Research Scientist,3,5175,0,9,2,5
52,0,Research & Development,25,Female,Manufacturing Director,4,13826,0,31,3,9
37,0,Sales,16,Male,Sales Executive,3,6334,0,9,3,1
28,0,Human Resources,8,Male,Human Resources,4,4936,0,6,3,5
22,0,Research & Development,1,Male,Manufacturing Director,4,4775,0,4,1,2
44,0,Research & Development,8,Male,Laboratory Technician,4,2818,1,10,2,3
42,0,Research & Development,2,Male,Research Scientist,4,2515,1,8,3,2
36,0,Human Resources,8,Male,Human Resources,1,2342,0,6,3,5
25,0,Sales,3,Male,Sales Executive,1,4194,1,5,3,5
35,0,Research & Development,9,Female,Manufacturing Director,3,10685,1,17,3,17
35,1,Research & Development,25,Female,Research Scientist,2,2022,1,10,2,10
32,0,Research & Development,1,Male,Laboratory Technician,4,2314,0,4,3,3
25,0,Sales,4,Male,Sales Executive,1,4256,0,5,4,5
49,0,Research & Development,1,Female,Research Scientist,1,3580,0,7,3,4
24,0,Research & Development,4,Male,Laboratory Technician,4,3162,0,6,2,5
32,0,Sales,5,Male,Sales Executive,2,6524,0,10,3,10
38,0,Sales,9,Male,Sales Representative,2,2899,0,3,3,2
42,0,Research & Development,3,Female,Laboratory Technician,4,5231,1,17,2,5
31,0,Research & Development,11,Male,Research Scientist,4,2356,1,8,3,6
29,1,Sales,1,Female,Sales Representative,3,2800,1,5,3,3
53,0,Sales,8,Male,Sales Executive,4,11836,0,28,3,2
35,0,Research & Development,25,Male,Manufacturing Director,2,10903,0,16,3,13
37,0,Sales,21,Female,Sales Representative,4,2973,0,10,3,5
53,0,Research & Development,23,Female,Research Director,4,14275,0,33,3,12
43,0,Research & Development,1,Female,Healthcare Representative,4,5562,0,12,2,5
47,0,Sales,2,Female,Sales Executive,4,4537,1,8,3,7
37,0,Sales,19,Male,Sales Executive,2,7642,1,10,3,10
50,0,Research & Development,2,Male,Manager,1,17924,0,31,3,31
39,0,Human Resources,2,Female,Human Resources,4,5204,0,13,3,5
33,0,Human Resources,3,Male,Human Resources,2,2277,1,7,4,4
32,1,Research & Development,25,Male,Laboratory Technician,4,2795,1,1,1,1
29,0,Research & Development,7,Female,Laboratory Technician,4,2532,0,8,3,4
44,0,Research & Development,9,Male,Research Scientist,1,2559,1,8,3,8
28,0,Sales,5,Male,Sales Executive,4,4908,0,4,3,4
58,1,Research & Development,2,Male,Laboratory Technician,4,2380,1,3,2,1
43,0,Research & Development,8,Female,Manufacturing Director,2,4765,0,4,4,1
20,1,Sales,2,Female,Sales Representative,3,2044,0,2,2,2
21,1,Research & Development,18,Female,Research Scientist,4,2693,0,1,2,1
36,0,Research & Development,14,Male,Healthcare Representative,4,6586,1,17,2,16
47,0,Sales,2,Female,Sales Representative,4,3294,1,3,2,3
22,1,Research & Development,3,Female,Manufacturing Director,3,4171,1,4,4,3
41,1,Research & Development,2,Female,Laboratory Technician,4,2778,1,10,2,7
28,0,Research & Development,9,Female,Research Scientist,3,2377,0,6,3,2
39,1,Research & Development,6,Male,Laboratory Technician,1,2404,1,8,1,2
27,0,Research & Development,4,Female,Research Scientist,3,2318,0,1,3,1
34,0,Research & Development,10,Male,Laboratory Technician,2,2008,0,1,3,1
42,0,Sales,14,Female,Sales Executive,3,6244,0,10,3,5
33,0,Research & Development,1,Male,Research Scientist,1,2799,1,6,3,3
58,0,Research & Development,5,Female,Healthcare Representative,2,10552,1,24,3,6
31,0,Sales,7,Male,Sales Representative,3,2329,0,13,4,7
35,0,Research & Development,21,Female,Healthcare Representative,4,4014,1,10,1,10
49,0,Research & Development,8,Female,Laboratory Technician,2,7403,0,29,2,26
48,0,Research & Development,20,Male,Research Scientist,3,2259,0,13,2,0
31,0,Sales,20,Female,Sales Executive,3,6932,0,9,2,9
36,0,Research & Development,7,Male,Research Scientist,4,4678,0,8,3,6
38,0,Research & Development,1,Female,Research Director,1,13582,0,15,3,15
32,0,Research & Development,1,Female,Laboratory Technician,2,2332,0,5,3,3
25,1,Sales,19,Male,Sales Representative,2,2413,1,1,3,1
40,0,Sales,10,Male,Sales Executive,2,9705,0,11,2,1
26,0,Sales,1,Male,Sales Executive,1,4294,0,7,3,7
41,0,Research & Development,6,Male,Laboratory Technician,1,4721,1,20,3,18
36,0,Research & Development,2,Male,Laboratory Technician,3,2519,0,16,3,11
19,1,Sales,21,Male,Sales Representative,2,2121,1,1,4,1
20,1,Research & Development,4,Male,Laboratory Technician,1,2973,0,1,3,1
31,0,Research & Development,12,Female,Healthcare Representative,4,5855,1,10,1,9
40,0,Research & Development,9,Male,Research Scientist,2,3617,1,3,3,1
32,0,Research & Development,3,Female,Manufacturing Director,1,6725,0,8,4,8
36,1,Sales,3,Male,Sales Executive,4,10325,1,16,3,16
33,0,Research & Development,1,Female,Healthcare Representative,4,6949,0,6,3,5
37,1,Sales,1,Male,Sales Executive,3,10609,0,17,1,14
45,0,Research & Development,4,Male,Laboratory Technician,2,4447,0,9,2,9
29,0,Sales,20,Female,Sales Representative,4,2157,0,3,3,3
35,0,Sales,18,Female,Sales Executive,3,4601,0,5,3,5
52,0,Research & Development,1,Male,Manager,4,17099,0,26,2,9
58,1,Research & Development,2,Male,Research Scientist,3,2479,0,7,3,1
53,0,Sales,2,Male,Manager,3,14852,0,22,4,17
30,0,Sales,8,Male,Sales Executive,3,7264,0,10,4,8
38,0,Sales,10,Female,Sales Executive,4,5666,1,6,3,5
35,0,Sales,3,Male,Sales Executive,4,7823,0,12,3,10
39,0,Sales,2,Male,Sales Executive,3,7880,0,9,3,8
40,1,Sales,24,Female,Sales Executive,2,13194,1,22,2,1
47,0,Research & Development,16,Male,Manufacturing Director,3,5067,1,20,4,19
36,0,Sales,8,Male,Sales Executive,4,5079,0,12,3,7
31,1,Research & Development,9,Male,Research Scientist,1,2321,1,4,3,3
33,0,Sales,17,Male,Manager,3,17444,0,10,3,10
29,1,Research & Development,10,Female,Research Scientist,1,2404,1,3,3,0
33,0,Research & Development,13,Female,Research Scientist,4,3452,0,5,3,3
45,0,Research & Development,1,Female,Laboratory Technician,4,2270,0,8,3,5
50,0,Research & Development,1,Male,Research Director,4,17399,0,32,2,5
33,0,Research & Development,1,Female,Healthcare Representative,2,5488,1,6,3,6
41,0,Research & Development,9,Male,Research Director,3,19419,0,21,4,18
27,0,Research & Development,16,Female,Laboratory Technician,2,2811,0,4,3,2
45,0,Research & Development,23,Male,Laboratory Technician,1,3633,1,9,3,9
47,0,Sales,4,Female,Sales Executive,4,4163,1,9,3,9
30,1,Research & Development,22,Female,Research Scientist,3,2132,1,7,3,5
50,0,Research & Development,24,Male,Manufacturing Director,3,13973,1,22,3,12
38,0,Research & Development,10,Male,Research Scientist,3,2684,0,3,2,2
46,0,Research & Development,7,Male,Manufacturing Director,3,10845,0,13,3,8
24,0,Research & Development,17,Female,Manufacturing Director,3,4377,0,5,3,4
35,1,Research & Development,14,Male,Laboratory Technician,2,3743,1,5,1,4
31,0,Research & Development,1,Female,Manufacturing Director,1,4148,0,4,3,4
18,0,Research & Development,5,Male,Research Scientist,4,1051,0,0,3,0
54,0,Research & Development,17,Female,Manufacturing Director,3,10739,0,22,3,10
35,0,Research & Development,25,Female,Healthcare Representative,3,10388,1,16,2,16
30,0,Research & Development,8,Female,Research Director,1,11416,1,9,2,8
20,1,Research & Development,11,Female,Research Scientist,1,2600,1,1,3,1
30,1,Research & Development,5,Female,Laboratory Technician,2,2422,0,4,3,3
26,0,Research & Development,2,Male,Manufacturing Director,4,5472,0,8,3,8
22,0,Research & Development,8,Male,Laboratory Technician,1,2451,0,4,2,4
48,0,Research & Development,6,Male,Healthcare Representative,3,4240,0,19,3,2
48,0,Research & Development,4,Male,Healthcare Representative,3,10999,0,27,3,15
41,0,Research & Development,7,Female,Manufacturing Director,3,5003,0,8,3,2
39,0,Research & Development,1,Female,Manufacturing Director,4,12742,0,21,3,21
27,0,Research & Development,2,Female,Manufacturing Director,4,4227,0,4,3,3
35,0,Research & Development,10,Male,Laboratory Technician,4,3917,0,3,2,3
42,0,Sales,5,Male,Manager,3,18303,0,21,4,1
50,0,Research & Development,9,Male,Laboratory Technician,4,2380,0,8,3,1
59,0,Research & Development,2,Female,Manufacturing Director,4,13726,1,30,3,5
37,1,Research & Development,11,Female,Healthcare Representative,2,4777,0,15,1,1
55,0,Research & Development,18,Male,Healthcare Representative,2,6385,1,17,3,8
41,0,Research & Development,7,Female,Research Director,3,19973,0,21,3,21
38,0,Sales,3,Male,Sales Executive,4,6861,1,19,3,1
26,1,Sales,29,Male,Sales Executive,1,4969,0,7,3,2
52,1,Sales,2,Female,Manager,4,19845,0,33,3,32
44,0,Sales,28,Female,Sales Executive,4,13320,1,23,3,12
50,0,Sales,1,Female,Sales Executive,3,6347,0,19,3,18
36,1,Research & Development,16,Female,Laboratory Technician,1,2743,0,18,3,17
39,0,Research & Development,22,Female,Manufacturing Director,1,10880,1,21,3,21
33,0,Sales,8,Female,Sales Representative,4,2342,0,3,2,2
45,0,Sales,11,Female,Manager,4,17650,0,26,4,9
32,0,Research & Development,29,Female,Laboratory Technician,3,4025,0,10,3,8
34,0,Sales,1,Male,Sales Executive,4,9725,0,16,2,15
59,0,Sales,1,Male,Manager,4,11904,1,14,1,6
45,0,Human Resources,24,Male,Human Resources,2,2177,0,6,3,6
53,0,Sales,2,Female,Sales Executive,2,7525,0,30,3,15
36,1,Research & Development,15,Male,Laboratory Technician,3,4834,0,9,2,1
26,1,Research & Development,2,Male,Research Scientist,1,2042,1,6,3,3
34,0,Sales,10,Female,Sales Representative,3,2220,1,1,3,1
28,0,Sales,10,Male,Sales Representative,2,1052,0,1,3,1
38,0,Research & Development,3,Male,Research Scientist,3,2821,0,8,3,2
50,0,Research & Development,2,Male,Research Director,3,19237,1,29,2,8
37,0,Research & Development,3,Female,Healthcare Representative,2,4107,0,8,2,4
40,0,Sales,26,Male,Sales Executive,1,8396,0,8,2,7
26,0,Research & Development,1,Female,Research Scientist,3,2007,0,5,3,5
46,0,Research & Development,1,Male,Research Director,4,19627,0,23,3,2
54,0,Sales,2,Female,Sales Executive,3,10686,0,13,3,9
56,0,Research & Development,9,Female,Research Scientist,3,2942,0,18,3,5
36,0,Research & Development,12,Female,Manufacturing Director,4,8858,0,15,2,14
55,0,Research & Development,2,Male,Manager,1,16756,0,31,4,9
43,0,Sales,25,Male,Sales Executive,4,10798,0,18,3,1
20,1,Sales,9,Female,Sales Representative,4,2323,1,2,3,2
21,1,Research & Development,10,Female,Laboratory Technician,1,1416,0,1,2,1
46,0,Research & Development,8,Female,Research Scientist,1,4615,1,19,3,16
51,1,Research & Development,4,Male,Research Scientist,3,2461,1,18,4,10
28,1,Research & Development,24,Male,Healthcare Representative,1,8722,0,10,2,10
26,0,Research & Development,1,Male,Laboratory Technician,1,3955,0,6,3,5
30,0,Research & Development,20,Male,Manufacturing Director,1,9957,0,7,2,6
41,0,Research & Development,7,Female,Research Scientist,3,3376,0,10,3,10
38,0,Research & Development,17,Female,Healthcare Representative,3,8823,0,20,2,19
40,0,Research & Development,20,Male,Healthcare Representative,4,10322,0,14,3,11
27,0,Research & Development,8,Male,Laboratory Technician,3,4621,0,3,3,3
55,0,Research & Development,2,Male,Manufacturing Director,2,10976,0,23,3,3
28,0,Research & Development,10,Female,Research Scientist,3,3660,0,10,4,8
44,1,Human Resources,1,Male,Human Resources,1,10482,0,24,3,20
33,0,Research & Development,5,Male,Healthcare Representative,4,7119,0,9,3,3
35,1,Sales,4,Male,Sales Executive,1,9582,1,9,3,8
33,1,Research & Development,29,Female,Research Scientist,3,4508,0,14,3,13
28,0,Research & Development,15,Male,Laboratory Technician,3,2207,0,4,2,4
34,0,Research & Development,3,Male,Healthcare Representative,4,7756,0,7,2,6
37,0,Sales,10,Female,Sales Executive,4,6694,1,8,3,1
25,1,Research & Development,4,Male,Laboratory Technician,4,3691,1,7,4,7
26,1,Research & Development,21,Male,Laboratory Technician,3,2377,0,1,2,1
33,1,Research & Development,25,Male,Research Scientist,2,2313,1,5,3,2
42,0,Research & Development,2,Male,Manager,1,17665,0,23,3,22
28,1,Research & Development,1,Male,Laboratory Technician,2,2596,0,1,3,1
50,1,Sales,1,Male,Sales Executive,3,4728,1,5,3,0
33,0,Sales,7,Female,Sales Executive,2,4302,0,4,3,3
34,0,Research & Development,3,Male,Research Scientist,4,2979,0,6,3,0
48,0,Research & Development,1,Male,Manager,4,16885,0,27,2,5
45,0,Sales,9,Female,Sales Executive,3,5593,0,15,3,15
52,0,Research & Development,7,Male,Healthcare Representative,2,10445,0,18,3,8
38,0,Sales,10,Male,Sales Executive,3,8740,1,9,3,8
29,0,Research & Development,28,Female,Research Scientist,4,2514,0,11,3,7
28,0,Research & Development,3,Female,Manufacturing Director,2,7655,0,10,2,9
46,0,Sales,3,Male,Manager,3,17465,0,23,3,12
38,0,Sales,2,Male,Sales Executive,2,7351,0,10,3,1
43,0,Research & Development,27,Female,Manufacturing Director,1,10820,0,18,3,8
39,1,Research & Development,2,Male,Healthcare Representative,4,12169,0,21,3,18
40,0,Research & Development,14,Male,Research Director,3,19626,0,21,4,20
21,0,Research & Development,1,Female,Research Scientist,2,2070,1,2,4,2
39,0,Research & Development,9,Male,Laboratory Technician,2,6782,0,9,2,5
36,0,Research & Development,18,Male,Manufacturing Director,4,7779,0,18,3,11
31,0,Sales,20,Male,Sales Representative,4,2791,0,3,3,2
28,0,Research & Development,2,Male,Research Scientist,2,3201,0,6,1,5
35,0,Sales,11,Male,Sales Executive,4,4968,0,5,3,5
49,0,Sales,8,Male,Sales Executive,2,13120,0,22,3,9
34,0,Research & Development,2,Male,Manufacturing Director,3,4033,0,5,2,3
29,0,Research & Development,10,Female,Research Scientist,2,3291,0,8,2,7
42,0,Research & Development,29,Male,Laboratory Technician,4,4272,0,16,3,1
29,0,Research & Development,8,Male,Manufacturing Director,4,5056,1,10,2,10
38,0,Human Resources,1,Male,Human Resources,3,2844,0,7,4,7
28,0,Research & Development,6,Male,Research Scientist,3,2703,1,3,3,3
18,1,Research & Development,8,Male,Laboratory Technician,3,1904,0,0,3,0
33,1,Sales,9,Female,Sales Executive,1,8224,1,6,3,5
41,0,Research & Development,12,Male,Laboratory Technician,4,4766,1,6,3,1
31,1,Research & Development,15,Male,Laboratory Technician,3,2610,0,2,2,2
37,0,Research & Development,25,Female,Healthcare Representative,4,5731,0,9,3,6
27,0,Research & Development,6,Male,Research Scientist,3,2539,0,4,3,4
34,0,Sales,9,Female,Sales Executive,3,5714,0,6,2,6
35,0,Human Resources,8,Male,Human Resources,3,4323,0,6,1,5
29,1,Sales,23,Female,Sales Executive,1,7336,0,11,1,11
40,0,Research & Development,9,Female,Research Director,3,13499,0,20,2,18
42,1,Sales,12,Male,Sales Executive,1,13758,1,22,2,21
42,0,Sales,4,Male,Sales Executive,1,5155,0,9,4,6
35,0,Research & Development,1,Male,Laboratory Technician,3,2258,0,10,3,8
24,0,Research & Development,24,Male,Laboratory Technician,2,3597,0,6,3,4
28,1,Research & Development,12,Female,Laboratory Technician,4,2515,1,1,2,1
26,0,Research & Development,3,Male,Laboratory Technician,4,4420,0,8,3,8
30,0,Sales,10,Male,Sales Executive,3,6578,0,10,3,10
40,0,Research & Development,26,Female,Research Scientist,4,4422,1,16,1,1
35,0,Research & Development,2,Male,Manufacturing Director,2,10274,0,15,4,7
34,0,Research & Development,1,Male,Healthcare Representative,1,5343,0,14,3,13
35,0,Research & Development,4,Male,Laboratory Technician,4,2376,0,2,4,2
43,1,Sales,9,Female,Sales Executive,3,5346,0,7,2,4
32,0,Sales,2,Female,Sales Representative,1,2827,0,1,3,1
56,0,Research & Development,4,Female,Manager,1,19943,0,28,3,5
29,0,Research & Development,6,Female,Laboratory Technician,4,3131,0,10,3,10
19,0,Research & Development,9,Male,Research Scientist,1,2552,0,1,3,1
45,0,Research & Development,7,Female,Research Scientist,3,4477,1,7,2,3
37,0,Research & Development,1,Female,Manufacturing Director,4,6474,0,14,2,14
20,0,Research & Development,3,Male,Laboratory Technician,3,3033,0,2,2,2
44,1,Research & Development,10,Male,Research Scientist,3,2936,1,6,3,6
53,0,Research & Development,7,Female,Manager,3,18606,0,26,3,7
29,0,Research & Development,15,Female,Research Scientist,4,2168,1,6,2,5
22,1,Research & Development,3,Male,Research Scientist,4,2853,1,1,3,0
46,0,Sales,2,Female,Manager,1,17048,0,28,3,26
44,0,Research & Development,17,Male,Research Scientist,3,2290,0,6,3,0
33,0,Human Resources,2,Male,Human Resources,3,3600,0,5,3,5
41,1,Research & Development,5,Male,Research Scientist,1,2107,0,5,1,1
30,0,Sales,29,Male,Sales Executive,1,4115,0,8,3,4
40,0,Sales,2,Male,Sales Executive,2,4327,0,5,3,0
50,0,Research & Development,2,Female,Manager,1,17856,0,32,3,2
28,0,Research & Development,19,Male,Laboratory Technician,1,3196,0,6,3,6
46,0,Research & Development,15,Male,Research Director,2,19081,0,25,3,4
35,0,Sales,17,Male,Sales Executive,1,8966,1,15,3,7
24,1,Research & Development,17,Female,Laboratory Technician,2,2210,0,1,1,1
33,0,Sales,25,Female,Sales Executive,3,4539,0,10,2,10
36,0,Research & Development,6,Male,Laboratory Technician,3,2741,0,7,3,7
30,0,Research & Development,7,Male,Laboratory Technician,3,3491,0,10,2,10
44,0,Research & Development,29,Male,Research Scientist,4,4541,0,20,3,20
20,0,Sales,21,Male,Sales Representative,4,2678,0,2,3,2
46,0,Research & Development,2,Male,Manufacturing Director,4,7379,0,12,2,6
42,0,Human Resources,2,Male,Human Resources,1,6272,0,10,4,4
60,0,Sales,7,Male,Sales Executive,4,5220,1,12,3,11
32,0,Research & Development,13,Female,Laboratory Technician,2,2743,0,2,3,2
32,0,Research & Development,2,Female,Research Scientist,3,4998,1,10,3,8
36,0,Research & Development,1,Female,Manufacturing Director,1,10252,1,17,3,7
33,0,Research & Development,9,Male,Research Scientist,4,2781,0,15,3,14
40,0,Sales,10,Female,Sales Executive,2,6852,0,7,4,5
25,0,Sales,10,Male,Sales Executive,4,4950,0,5,3,4
30,0,Research & Development,1,Male,Research Scientist,2,3579,1,12,3,11
42,0,Research & Development,26,Female,Research Director,1,13191,1,20,3,1
35,0,Sales,8,Female,Sales Executive,4,10377,1,16,2,13
27,0,Research & Development,14,Male,Research Scientist,1,2235,1,9,2,9
54,0,Research & Development,1,Female,Manufacturing Director,3,10502,0,33,1,5
44,0,Research & Development,2,Female,Research Scientist,4,2011,0,10,3,10
19,1,Research & Development,10,Female,Research Scientist,2,1859,1,1,4,1
29,0,Research & Development,1,Female,Research Scientist,4,3760,0,3,3,3
54,0,Research & Development,3,Male,Research Director,4,17779,0,36,3,10
31,0,Research & Development,11,Male,Healthcare Representative,1,6833,1,6,2,6
31,0,Research & Development,24,Female,Healthcare Representative,1,6812,0,10,3,10
59,0,Sales,3,Female,Sales Executive,4,5171,0,13,3,6
43,0,Research & Development,3,Male,Research Director,4,19740,0,25,3,8
49,0,Research & Development,4,Male,Manager,3,18711,0,23,4,1
36,0,Research & Development,3,Male,Research Scientist,2,3692,0,12,2,11
48,0,Research & Development,2,Male,Laboratory Technician,2,2559,0,7,2,1
27,0,Research & Development,4,Male,Research Scientist,3,2517,0,5,3,5
29,0,Research & Development,7,Male,Healthcare Representative,4,6623,1,6,3,6
48,0,Research & Development,1,Male,Research Director,4,18265,0,25,4,1
29,0,Research & Development,1,Female,Research Director,4,16124,0,9,2,7
34,0,Research & Development,20,Female,Research Scientist,3,2585,0,2,2,1
44,0,Sales,5,Male,Manager,2,18213,0,26,3,22
33,0,Sales,10,Male,Sales Executive,3,8380,1,10,3,9
19,0,Research & Development,25,Female,Research Scientist,4,2994,1,1,3,1
23,0,Research & Development,1,Male,Research Scientist,3,1223,0,1,3,1
25,1,Sales,24,Male,Sales Representative,4,1118,1,1,3,1
26,0,Research & Development,4,Male,Research Scientist,4,2875,1,8,2,8
45,1,Sales,2,Female,Manager,2,18824,1,26,3,24
55,0,Research & Development,8,Male,Healthcare Representative,2,13577,1,34,3,33
21,1,Research & Development,10,Female,Laboratory Technician,3,2625,0,2,1,2
46,0,Sales,4,Female,Manager,2,18789,0,26,3,11
34,0,Sales,2,Female,Sales Executive,1,4538,1,4,3,3
51,0,Sales,9,Male,Manager,2,19847,1,31,2,29
59,0,Research & Development,18,Male,Manufacturing Director,4,10512,0,25,2,9
34,0,Research & Development,19,Female,Laboratory Technician,2,4444,0,15,4,11
28,0,Research & Development,1,Male,Laboratory Technician,3,2154,1,5,2,4
44,0,Research & Development,4,Male,Manager,1,19190,0,26,2,25
34,0,Human Resources,11,Male,Human Resources,2,4490,0,14,4,10
35,0,Research & Development,6,Male,Research Scientist,3,3506,1,4,3,3
42,0,Research & Development,7,Female,Research Scientist,2,2372,1,18,3,1
43,0,Sales,4,Female,Sales Executive,4,10231,0,23,4,21
36,0,Research & Development,2,Female,Manufacturing Director,2,5410,1,18,3,16
44,1,Research & Development,15,Female,Healthcare Representative,4,7978,0,10,3,10
28,0,Research & Development,2,Male,Laboratory Technician,4,3867,1,2,3,2
51,0,Research & Development,6,Female,Laboratory Technician,3,2838,0,8,2,7
30,0,Research & Development,9,Female,Manufacturing Director,3,4695,1,10,3,8
29,1,Research & Development,7,Female,Laboratory Technician,3,3339,1,10,3,7
28,0,Research & Development,1,Male,Research Scientist,1,2080,0,5,2,3
25,0,Research & Development,1,Female,Research Scientist,2,2096,0,2,2,2
32,0,Sales,8,Male,Sales Executive,4,6209,0,10,4,10
45,0,Research & Development,25,Female,Manager,2,18061,0,22,3,0
39,0,Research & Development,13,Female,Manager,2,17123,1,21,3,19
58,0,Research & Development,23,Male,Research Scientist,3,2372,0,2,3,2
32,1,Research & Development,7,Male,Laboratory Technician,3,4883,0,10,3,10
39,1,Research & Development,23,Male,Research Scientist,1,3904,0,6,3,5
30,0,Research & Development,6,Female,Laboratory Technician,4,4627,0,10,3,9
36,0,Research & Development,10,Female,Healthcare Representative,3,7094,0,10,3,7
46,0,Human Resources,1,Female,Human Resources,1,3423,0,10,4,7
28,0,Research & Development,1,Female,Laboratory Technician,4,6674,0,10,3,9
50,0,Research & Development,28,Female,Research Director,1,16880,1,25,3,3
40,1,Sales,25,Male,Sales Executive,2,9094,1,9,3,5
52,1,Sales,5,Male,Sales Executive,2,8446,1,10,2,8
30,0,Research & Development,17,Female,Manager,1,11916,1,9,3,9
39,0,Research & Development,18,Male,Manufacturing Director,3,4534,0,9,3,8
31,0,Sales,2,Female,Sales Executive,3,9852,1,10,2,10
41,0,Sales,10,Male,Sales Executive,2,6151,0,19,3,19
31,1,Sales,1,Female,Sales Representative,2,2302,1,3,4,3
44,1,Research & Development,3,Male,Laboratory Technician,1,2362,0,10,4,3
42,0,Research & Development,2,Male,Manager,3,17861,1,21,2,20
55,0,Research & Development,2,Female,Manager,3,19187,0,23,3,19
56,0,Human Resources,8,Male,Manager,2,19717,0,36,3,7
40,0,Research & Development,16,Male,Research Scientist,3,3544,0,6,3,4
34,0,Research & Development,9,Male,Healthcare Representative,4,8500,0,10,2,9
40,0,Research & Development,2,Male,Research Scientist,4,4661,0,9,3,9
41,0,Sales,1,Female,Sales Executive,1,4103,0,10,3,9
35,0,Research & Development,4,Male,Research Scientist,3,4249,1,9,3,9
51,0,Human Resources,5,Male,Manager,2,14026,1,33,3,33
38,0,Sales,2,Female,Sales Executive,1,6893,0,11,3,7
34,0,Sales,15,Female,Sales Executive,1,6125,0,10,4,10
25,0,Research & Development,19,Male,Laboratory Technician,4,3669,0,7,2,3
58,1,Research & Development,7,Female,Manufacturing Director,1,10008,1,31,2,10
40,0,Research & Development,1,Male,Laboratory Technician,2,2387,0,7,3,4
36,0,Sales,7,Female,Sales Executive,1,4639,0,17,2,15
48,0,Research & Development,4,Male,Manufacturing Director,4,7898,0,11,3,10
27,0,Sales,11,Female,Sales Representative,4,2534,0,5,3,1
51,0,Research & Development,11,Female,Manufacturing Director,2,13142,0,29,2,5
18,0,Research & Development,1,Female,Laboratory Technician,4,1611,0,0,4,0
35,0,Research & Development,1,Female,Laboratory Technician,4,5363,0,10,3,9
27,0,Sales,2,Male,Sales Executive,4,5071,0,8,3,6
55,1,Sales,13,Male,Sales Executive,3,13695,1,24,2,19
56,0,Research & Development,23,Male,Manufacturing Director,2,13402,1,33,3,19
34,0,Research & Development,26,Female,Research Scientist,3,2029,0,5,3,5
40,0,Research & Development,2,Female,Healthcare Representative,3,6377,0,15,3,12
34,0,Research & Development,29,Male,Laboratory Technician,3,5429,0,10,3,8
31,1,Sales,2,Female,Sales Representative,4,2785,0,3,4,1
35,1,Sales,18,Female,Sales Executive,3,4614,1,5,2,4
38,0,Research & Development,7,Male,Research Scientist,3,2610,0,4,3,4
34,0,Research & Development,2,Female,Healthcare Representative,4,6687,0,14,4,14
28,0,Sales,26,Male,Sales Executive,1,4724,0,5,3,5
31,1,Research & Development,22,Male,Manufacturing Director,3,6179,1,10,2,10
39,0,Sales,21,Male,Sales Executive,4,6120,1,8,4,5
51,0,Sales,2,Male,Sales Executive,2,10596,0,14,3,4
41,0,Research & Development,22,Female,Research Scientist,4,5467,1,12,2,6
37,0,Research & Development,4,Male,Research Scientist,3,2996,1,8,3,6
33,0,Sales,5,Male,Sales Executive,4,9998,0,8,4,5
32,0,Sales,2,Male,Sales Executive,2,4078,1,4,2,3
39,0,Research & Development,25,Male,Healthcare Representative,3,10920,0,13,3,6
25,0,Sales,18,Male,Sales Executive,3,6232,0,6,2,3
52,0,Research & Development,28,Female,Manufacturing Director,3,13247,1,24,2,5
43,0,Research & Development,6,Female,Research Scientist,3,4081,1,20,1,20
27,0,Sales,10,Female,Sales Executive,4,5769,1,6,3,6
27,1,Research & Development,17,Female,Research Scientist,3,2394,1,8,3,8
26,0,Research & Development,2,Male,Research Scientist,4,3904,0,5,3,4
42,0,Human Resources,10,Female,Manager,1,16799,0,21,3,20
52,0,Research & Development,8,Female,Laboratory Technician,1,2950,0,12,1,5
37,0,Research & Development,11,Female,Laboratory Technician,3,3629,0,8,3,3
35,0,Research & Development,18,Male,Manufacturing Director,4,9362,0,10,3,2
25,0,Research & Development,1,Male,Laboratory Technician,4,3229,0,7,2,3
26,0,Research & Development,7,Male,Laboratory Technician,1,3578,0,8,3,7
29,0,Human Resources,17,Male,Human Resources,1,7988,0,10,2,10
49,1,Research & Development,28,Male,Laboratory Technician,1,4284,0,20,3,4
29,1,Research & Development,14,Female,Healthcare Representative,4,7553,1,9,3,8
54,0,Research & Development,1,Female,Research Director,4,17328,0,29,2,20
58,0,Research & Development,1,Female,Research Director,1,19701,1,32,3,9
55,0,Research & Development,1,Male,Research Director,4,14732,0,31,4,7
36,0,Sales,3,Female,Sales Executive,2,9278,1,15,3,5
31,1,Sales,1,Female,Sales Representative,3,1359,0,1,3,1
30,0,Sales,7,Female,Sales Executive,1,4779,0,8,3,3
31,0,Research & Development,8,Female,Research Director,2,16422,0,9,4,3
34,0,Research & Development,1,Male,Research Scientist,1,2996,0,10,3,4
31,1,Research & Development,8,Female,Research Scientist,2,1261,0,1,4,1
27,0,Research & Development,11,Male,Laboratory Technician,1,2099,0,6,4,5
36,0,Research & Development,4,Male,Laboratory Technician,4,5810,0,10,2,10
36,0,Sales,16,Female,Sales Executive,1,5647,0,11,2,3
47,0,Research & Development,1,Male,Research Scientist,4,3420,0,17,2,6
25,1,Sales,9,Male,Sales Representative,1,4400,0,6,3,3
37,0,Research & Development,5,Male,Laboratory Technician,3,3500,0,7,1,6
56,0,Research & Development,1,Female,Research Scientist,1,2066,0,5,4,3
47,0,Research & Development,2,Female,Research Director,3,17169,0,26,4,20
24,0,Sales,4,Female,Sales Executive,3,4162,1,5,3,5
32,0,Sales,7,Male,Sales Executive,4,9204,0,7,2,4
34,0,Research & Development,1,Female,Laboratory Technician,2,3294,0,7,2,5
41,0,Research & Development,5,Male,Research Scientist,3,2127,1,7,2,4
40,0,Research & Development,9,Male,Laboratory Technician,3,3975,0,11,4,8
31,0,Sales,8,Male,Sales Executive,4,10793,0,13,3,13
46,1,Sales,9,Male,Sales Executive,4,10096,0,28,4,7
39,1,Research & Development,2,Female,Laboratory Technician,1,3646,1,11,4,1
31,1,Research & Development,1,Female,Manufacturing Director,2,7446,0,10,3,10
45,0,Research & Development,20,Male,Healthcare Representative,1,10851,1,24,3,7
31,0,Human Resources,8,Female,Human Resources,2,2109,0,8,3,3
31,1,Research & Development,2,Male,Laboratory Technician,4,3722,1,7,1,2
45,0,Research & Development,29,Male,Manufacturing Director,4,9380,1,10,4,3
48,0,Sales,7,Male,Sales Executive,1,5486,0,15,3,2
34,1,Human Resources,9,Female,Human Resources,3,2742,0,2,3,2
40,0,Research & Development,8,Male,Research Director,2,13757,0,16,3,9
28,0,Sales,5,Male,Sales Executive,1,8463,0,6,3,5
44,0,Research & Development,5,Male,Laboratory Technician,3,3162,0,7,3,5
53,0,Research & Development,2,Male,Research Director,2,16598,0,35,2,9
49,0,Research & Development,5,Male,Healthcare Representative,3,6651,0,20,2,3
40,0,Research & Development,2,Male,Research Scientist,3,2345,0,8,4,3
44,0,Research & Development,20,Male,Research Scientist,2,3420,0,6,2,5
33,0,Sales,7,Male,Sales Executive,1,4373,0,5,3,4
34,0,Sales,3,Male,Sales Executive,1,4759,0,15,3,13
30,0,Sales,16,Male,Sales Executive,3,5301,0,4,2,2
42,0,Research & Development,9,Female,Laboratory Technician,4,3673,0,12,3,12
44,0,Sales,1,Female,Sales Executive,3,4768,0,11,2,1
30,0,Research & Development,7,Male,Research Scientist,3,1274,0,1,2,1
57,0,Research & Development,1,Male,Research Scientist,3,4900,0,13,2,12
49,0,Research & Development,7,Male,Healthcare Representative,2,10466,0,29,3,8
34,0,Research & Development,15,Male,Research Director,1,17007,0,16,2,14
28,1,Sales,1,Male,Sales Representative,3,2909,0,5,4,3
29,1,Sales,13,Female,Sales Executive,2,5765,0,7,1,5
34,1,Sales,24,Female,Sales Executive,2,4599,1,16,4,15
35,0,Sales,7,Male,Sales Representative,3,2404,0,1,3,1
24,1,Research & Development,9,Male,Laboratory Technician,1,3172,1,4,2,0
24,0,Sales,13,Female,Sales Representative,2,2033,0,1,3,1
44,0,Research & Development,2,Male,Manufacturing Director,3,10209,1,16,2,2
29,0,Sales,19,Male,Sales Executive,3,8620,0,10,3,10
30,0,Human Resources,1,Male,Human Resources,3,2064,0,6,4,5
55,0,Research & Development,4,Male,Healthcare Representative,3,4035,1,4,3,3
33,0,Research & Development,4,Female,Laboratory Technician,2,3838,0,8,3,5
47,0,Sales,14,Female,Sales Executive,3,4591,1,11,2,5
28,1,Research & Development,2,Male,Laboratory Technician,1,2561,0,8,2,0
28,0,Research & Development,1,Male,Research Scientist,3,1563,0,1,1,1
28,0,Sales,7,Male,Sales Executive,1,4898,0,5,3,4
49,0,Research & Development,3,Female,Laboratory Technician,1,4789,0,10,3,3
29,0,Research & Development,2,Female,Laboratory Technician,2,3180,0,4,3,3
28,0,Research & Development,29,Male,Manufacturing Director,2,6549,0,8,2,8
33,0,Research & Development,8,Male,Healthcare Representative,3,6388,1,14,3,0
32,0,Research & Development,10,Male,Manager,4,11244,0,10,4,5
54,0,Research & Development,11,Female,Manager,4,16032,0,26,3,14
29,1,Research & Development,1,Male,Research Scientist,1,2362,0,11,1,9
44,0,Research & Development,28,Male,Research Director,1,16328,0,24,4,20
39,0,Research & Development,6,Female,Manufacturing Director,2,8376,0,9,3,2
46,0,Sales,3,Female,Manager,2,16606,0,23,4,13
35,0,Research & Development,16,Female,Healthcare Representative,2,8606,0,11,1,11
23,0,Research & Development,20,Male,Laboratory Technician,3,2272,0,5,3,4
40,1,Research & Development,9,Male,Laboratory Technician,1,2018,0,15,1,5
34,0,Sales,1,Male,Sales Executive,3,7083,1,10,3,10
31,1,Research & Development,3,Female,Research Scientist,3,4084,0,7,1,7
50,0,Research & Development,22,Male,Research Director,4,14411,1,32,3,32
34,0,Sales,7,Male,Sales Representative,3,2308,1,12,3,11
42,0,Research & Development,2,Male,Laboratory Technician,2,4841,0,4,3,1
37,0,Research & Development,13,Male,Research Scientist,4,4285,0,10,3,10
29,0,Research & Development,8,Female,Healthcare Representative,1,9715,0,9,3,7
33,0,Research & Development,25,Male,Manufacturing Director,2,4320,0,5,3,5
45,0,Research & Development,28,Male,Research Scientist,4,2132,0,8,3,5
42,0,Research & Development,2,Male,Healthcare Representative,4,10124,1,24,1,20
40,0,Sales,9,Male,Sales Executive,1,5473,0,9,4,8
33,0,Research & Development,28,Male,Laboratory Technician,3,5207,1,15,3,15
40,0,Human Resources,6,Male,Manager,4,16437,1,21,3,21
24,0,Research & Development,21,Male,Laboratory Technician,1,2296,0,2,3,1
40,0,Research & Development,8,Male,Healthcare Representative,4,4069,1,8,3,2
45,0,Research & Development,1,Male,Healthcare Representative,2,7441,0,10,3,10
35,0,Sales,28,Female,Sales Representative,3,2430,0,6,3,5
32,0,Research & Development,5,Female,Research Scientist,2,5878,0,12,3,7
36,0,Sales,2,Male,Sales Representative,4,2644,1,7,2,3
48,0,Sales,16,Female,Sales Executive,3,6439,0,18,3,8
29,0,Research & Development,9,Male,Research Scientist,3,2451,0,5,2,1
33,0,Sales,8,Male,Sales Executive,1,6392,0,8,1,2
30,1,Sales,1,Male,Sales Executive,1,9714,0,10,3,10
38,0,Human Resources,10,Male,Human Resources,3,6077,0,10,3,6
35,0,Research & Development,1,Male,Laboratory Technician,1,2450,0,3,3,3
30,0,Sales,29,Male,Sales Executive,2,9250,0,9,3,4
35,1,Research & Development,2,Female,Laboratory Technician,1,2074,1,1,3,1
53,1,Research & Development,2,Female,Manufacturing Director,4,10169,0,34,3,33
38,1,Research & Development,2,Male,Manufacturing Director,2,4855,0,7,3,5
32,0,Research & Development,1,Male,Research Scientist,1,4087,0,9,2,6
48,0,Research & Development,15,Female,Research Scientist,1,2367,0,10,2,8
34,0,Research & Development,7,Male,Research Scientist,4,2972,0,1,1,1
55,0,Sales,26,Male,Manager,4,19586,0,36,3,36
34,0,Research & Development,1,Male,Research Scientist,4,5484,0,9,2,2
26,0,Research & Development,3,Female,Research Scientist,4,2061,0,1,3,1
38,0,Sales,14,Male,Sales Executive,2,9924,0,10,3,9
38,0,Sales,16,Female,Sales Executive,2,4198,0,8,4,3
36,0,Sales,1,Female,Sales Executive,3,6815,0,15,3,1
29,0,Research & Development,3,Male,Laboratory Technician,1,4723,1,10,3,10
35,0,Research & Development,10,Female,Healthcare Representative,3,6142,1,10,3,5
39,0,Sales,6,Male,Sales Executive,3,8237,0,11,3,7
29,0,Research & Development,2,Male,Healthcare Representative,4,8853,0,6,4,6
50,0,Sales,9,Male,Manager,3,19331,1,27,3,1
23,0,Research & Development,10,Male,Research Scientist,3,2073,0,4,3,2
36,0,Research & Development,6,Male,Laboratory Technician,1,5562,1,9,3,3
42,0,Research & Development,9,Male,Manager,4,19613,0,24,3,1
35,0,Research & Development,28,Male,Laboratory Technician,3,3407,0,10,2,10
34,0,Research & Development,10,Male,Healthcare Representative,3,5063,0,8,2,8
40,0,Sales,14,Female,Sales Executive,1,4639,0,5,3,5
43,0,Research & Development,27,Male,Laboratory Technician,2,4876,0,8,3,6
35,0,Research & Development,7,Male,Laboratory Technician,4,2690,0,1,2,1
46,0,Sales,1,Male,Manager,1,17567,0,27,1,26
28,1,Research & Development,24,Male,Laboratory Technician,2,2408,1,1,3,1
22,0,Research & Development,26,Female,Research Scientist,3,2814,1,4,2,4
50,0,Research & Development,20,Male,Healthcare Representative,3,11245,1,32,3,30
32,0,Research & Development,5,Female,Research Scientist,4,3312,0,6,3,3
44,0,Research & Development,7,Female,Research Director,4,19049,1,23,2,22
30,0,Research & Development,7,Male,Research Scientist,2,2141,0,6,2,6
45,0,Research & Development,5,Female,Laboratory Technician,1,5769,1,10,3,10
45,0,Sales,26,Male,Sales Executive,1,4385,0,10,3,10
31,0,Sales,2,Male,Sales Executive,1,5332,0,10,3,5
36,0,Research & Development,12,Female,Manufacturing Director,3,4663,1,7,3,3
34,0,Research & Development,10,Male,Manufacturing Director,4,4724,0,9,3,9
49,0,Research & Development,25,Female,Laboratory Technician,1,3211,0,10,2,9
39,0,Research & Development,10,Male,Manufacturing Director,1,5377,0,10,3,7
27,0,Research & Development,19,Male,Laboratory Technician,1,4066,0,7,3,7
35,0,Research & Development,18,Male,Research Scientist,1,5208,0,16,3,16
28,0,Research & Development,27,Female,Manufacturing Director,1,4877,0,6,2,5
21,0,Research & Development,5,Male,Research Scientist,4,3117,0,3,3,2
18,1,Sales,3,Female,Sales Representative,4,1569,1,0,4,0
47,0,Human Resources,26,Female,Manager,3,19658,0,27,3,5
39,0,Research & Development,3,Male,Laboratory Technician,3,3069,0,11,3,10
40,0,Research & Development,15,Female,Manufacturing Director,3,10435,0,18,3,18
35,0,Research & Development,8,Female,Healthcare Representative,3,4148,0,15,3,14
37,0,Research & Development,19,Male,Manufacturing Director,3,5768,0,9,2,4
39,0,Research & Development,4,Female,Manufacturing Director,3,5042,0,10,1,9
45,0,Research & Development,2,Female,Manufacturing Director,4,5770,0,10,3,10
38,0,Research & Development,2,Female,Manufacturing Director,3,7756,1,10,4,5
35,1,Sales,10,Male,Sales Executive,1,10306,0,15,3,13
37,0,Research & Development,10,Female,Research Scientist,2,3936,0,8,1,8
40,0,Research & Development,16,Female,Manufacturing Director,4,7945,1,18,2,4
44,0,Human Resources,1,Male,Human Resources,4,5743,1,14,3,10
48,0,Research & Development,4,Male,Manager,4,15202,0,23,3,2
35,1,Sales,15,Male,Sales Executive,4,5440,1,7,2,2
24,0,Research & Development,2,Female,Research Scientist,4,3760,1,6,3,6
27,0,Research & Development,8,Female,Research Scientist,3,3517,0,5,3,3
27,0,Research & Development,2,Male,Research Scientist,4,2580,0,6,2,4
40,1,Research & Development,7,Male,Laboratory Technician,1,2166,1,10,1,4
29,0,Sales,10,Male,Sales Executive,3,5869,0,8,3,5
36,0,Research & Development,5,Female,Healthcare Representative,1,8008,0,9,3,3
25,0,Research & Development,2,Male,Manufacturing Director,3,5206,0,7,3,7
39,0,Research & Development,12,Male,Manufacturing Director,2,5295,0,7,3,5
49,0,Research & Development,22,Female,Research Director,2,16413,0,27,3,4
50,0,Research & Development,17,Female,Research Director,1,13269,0,19,3,14
20,0,Sales,2,Female,Sales Representative,3,2783,0,2,3,2
34,0,Research & Development,3,Female,Research Scientist,2,5433,0,11,3,11
36,0,Research & Development,7,Male,Laboratory Technician,2,2013,0,15,3,4
49,0,Research & Development,6,Female,Healthcare Representative,3,13966,1,30,3,15
36,0,Research & Development,1,Female,Manufacturing Director,3,4374,0,4,3,3
36,0,Research & Development,3,Male,Healthcare Representative,1,6842,0,13,3,5
54,0,Research & Development,22,Female,Manager,3,17426,0,36,3,10
43,0,Research & Development,15,Male,Research Director,3,17603,0,14,3,14
35,1,Sales,12,Male,Sales Executive,4,4581,1,13,4,11
38,0,Research & Development,1,Male,Research Scientist,4,4735,0,19,4,13
29,0,Sales,5,Male,Sales Executive,2,4187,1,10,2,10
33,0,Sales,2,Male,Sales Executive,4,5505,0,6,3,6
32,0,Research & Development,2,Male,Research Scientist,2,5470,0,10,2,9
31,0,Sales,5,Female,Sales Executive,4,5476,0,10,3,10
49,0,Research & Development,16,Female,Laboratory Technician,1,2587,1,17,2,2
38,0,Research & Development,2,Female,Laboratory Technician,2,2440,0,4,3,4
47,0,Sales,2,Female,Manager,2,15972,0,29,3,3
49,0,Research & Development,1,Male,Manager,3,15379,0,23,3,8
41,0,Sales,23,Male,Sales Executive,3,7082,1,21,3,2
20,0,Sales,9,Male,Sales Representative,1,2728,0,2,3,2
33,0,Sales,16,Female,Sales Executive,4,5368,1,7,3,6
36,0,Research & Development,26,Male,Healthcare Representative,3,5347,0,10,2,3
44,0,Human Resources,1,Female,Human Resources,4,3195,1,8,3,2
23,1,Research & Development,8,Male,Laboratory Technician,3,3989,1,5,3,5
38,0,Research & Development,4,Female,Laboratory Technician,3,3306,0,7,2,0
53,0,Research & Development,24,Male,Healthcare Representative,4,7005,0,11,3,4
48,1,Sales,7,Female,Sales Representative,3,2655,1,19,3,9
32,1,Research & Development,2,Male,Laboratory Technician,2,1393,0,1,3,1
26,0,Research & Development,7,Male,Laboratory Technician,4,2570,0,7,3,7
55,0,Research & Development,22,Male,Research Scientist,2,3537,0,8,3,4
34,0,Research & Development,5,Male,Laboratory Technician,4,3986,0,15,4,15
60,0,Research & Development,1,Male,Healthcare Representative,4,10883,0,19,4,1
33,0,Research & Development,21,Male,Laboratory Technician,2,2028,0,14,3,14
37,0,Sales,1,Male,Sales Executive,4,9525,0,6,2,6
34,0,Research & Development,19,Female,Research Scientist,4,2929,0,10,3,10
23,1,Sales,7,Male,Sales Representative,4,2275,1,3,3,3
44,0,Research & Development,2,Female,Healthcare Representative,4,7879,1,9,3,8
35,0,Research & Development,2,Male,Research Scientist,4,4930,1,6,4,5
43,0,Sales,2,Male,Sales Executive,4,7847,1,10,3,10
24,0,Research & Development,9,Male,Research Scientist,3,4401,0,5,3,5
41,0,Sales,6,Male,Sales Executive,3,9241,0,10,3,10
29,0,Research & Development,9,Female,Laboratory Technician,3,2974,0,9,3,5
36,0,Sales,2,Female,Sales Representative,4,4502,0,17,2,13
45,0,Research & Development,1,Male,Healthcare Representative,3,10748,0,25,2,23
24,1,Human Resources,22,Male,Human Resources,3,1555,0,1,3,1
47,1,Sales,9,Male,Sales Executive,3,12936,0,25,1,23
26,0,Research & Development,17,Male,Laboratory Technician,3,2305,0,3,4,3
45,0,Research & Development,28,Female,Research Director,2,16704,0,21,3,21
32,0,Research & Development,10,Male,Research Scientist,3,3433,0,10,2,5
31,0,Research & Development,2,Male,Laboratory Technician,3,3477,0,6,4,5
41,0,Human Resources,4,Male,Human Resources,2,6430,0,10,3,3
40,0,Research & Development,8,Female,Manufacturing Director,1,6516,1,18,3,1
24,0,Research & Development,29,Male,Laboratory Technician,1,3907,0,6,4,6
46,0,Research & Development,13,Male,Healthcare Representative,2,5562,0,19,3,10
35,0,Research & Development,27,Male,Manufacturing Director,3,6883,0,17,3,7
30,0,Research & Development,16,Male,Research Scientist,4,2862,0,10,2,10
47,0,Sales,2,Male,Sales Executive,2,4978,0,4,1,1
46,0,Sales,2,Male,Sales Executive,4,10368,1,13,2,10
36,1,Sales,13,Male,Sales Executive,1,6134,1,16,3,2
32,1,Sales,1,Male,Sales Executive,2,6735,0,10,3,0
23,0,Research & Development,4,Female,Laboratory Technician,2,3295,0,3,1,3
31,0,Research & Development,24,Female,Manufacturing Director,4,5238,0,9,2,5
39,0,Research & Development,1,Male,Laboratory Technician,4,6472,1,9,3,9
32,0,Sales,19,Male,Sales Executive,3,9610,0,10,1,4
40,0,Sales,7,Male,Manager,2,19833,0,21,2,21
45,0,Human Resources,4,Female,Human Resources,3,9756,0,9,4,5
30,0,Research & Development,2,Female,Research Scientist,1,4968,0,10,3,9
24,0,Human Resources,10,Male,Human Resources,4,2145,0,3,3,2
30,1,Human Resources,8,Female,Human Resources,4,2180,0,6,2,4
31,0,Sales,5,Male,Sales Executive,3,8346,0,6,3,5
27,0,Research & Development,8,Female,Research Scientist,4,3445,0,6,2,6
29,1,Sales,9,Female,Sales Representative,2,2760,0,2,3,2
29,0,Research & Development,1,Male,Healthcare Representative,3,6294,1,10,4,3
30,0,Sales,15,Male,Sales Executive,1,7140,0,12,3,7
34,0,Research & Development,2,Male,Research Scientist,4,2932,1,6,3,5
33,0,Sales,2,Female,Sales Executive,2,5147,0,13,2,11
49,0,Sales,11,Female,Sales Executive,4,4507,0,8,4,5
33,1,Sales,16,Female,Sales Executive,1,8564,1,11,2,0
38,0,Research & Development,2,Female,Laboratory Technician,2,2468,0,9,2,6
31,1,Sales,16,Male,Sales Executive,3,8161,0,10,3,1
29,0,Research & Development,4,Female,Research Scientist,1,2109,0,1,3,1
30,0,Research & Development,16,Male,Healthcare Representative,3,5294,0,10,3,7
32,0,Research & Development,5,Male,Research Scientist,2,2718,0,12,3,7
38,0,Research & Development,18,Male,Healthcare Representative,4,5811,1,15,3,1
43,1,Research & Development,17,Male,Research Scientist,3,2437,1,6,3,1
42,0,Research & Development,12,Male,Laboratory Technician,2,2766,0,7,2,5
55,0,Research & Development,2,Male,Research Director,1,19038,0,34,3,1
33,0,Research & Development,4,Male,Research Scientist,2,3055,0,11,2,9
41,0,Research & Development,9,Male,Laboratory Technician,1,2289,0,5,3,5
34,0,Sales,10,Male,Sales Executive,3,4001,1,15,3,15
53,0,Research & Development,1,Female,Manufacturing Director,3,12965,1,27,2,3
43,0,Human Resources,2,Male,Human Resources,4,3539,0,10,3,9
34,0,Sales,3,Female,Sales Executive,4,6029,0,6,3,2
21,1,Sales,7,Male,Sales Representative,2,2679,0,1,3,1
38,0,Research & Development,6,Female,Laboratory Technician,3,3702,0,5,3,5
22,1,Research & Development,8,Female,Laboratory Technician,1,2398,1,1,3,1
31,0,Sales,29,Female,Sales Executive,4,5468,0,13,3,12
51,0,Research & Development,3,Female,Manager,3,13116,0,15,3,2
37,0,Sales,9,Male,Sales Executive,2,4189,0,5,3,5
46,0,Research & Development,2,Male,Research Director,4,19328,1,24,3,2
36,0,Research & Development,10,Male,Healthcare Representative,1,8321,1,15,3,12
44,1,Research & Development,1,Male,Research Scientist,2,2342,1,6,2,5
37,0,Human Resources,8,Male,Human Resources,2,4071,0,19,2,10
35,1,Sales,27,Male,Sales Executive,4,5813,1,10,3,10
33,0,Research & Development,8,Male,Research Scientist,1,3143,0,14,3,10
28,0,Research & Development,1,Male,Research Scientist,4,2044,0,5,4,5
39,0,Research & Development,10,Male,Research Director,3,13464,0,9,3,4
46,0,Sales,26,Male,Sales Executive,2,7991,0,6,3,2
40,0,Research & Development,2,Female,Laboratory Technician,1,3377,0,7,2,4
42,0,Research & Development,13,Male,Healthcare Representative,1,5538,0,10,2,0
35,0,Research & Development,2,Male,Manufacturing Director,4,5762,0,15,3,7
38,0,Human Resources,2,Male,Human Resources,2,2592,0,13,3,11
34,1,Research & Development,9,Male,Laboratory Technician,1,5346,0,11,2,7
37,1,Research & Development,10,Male,Manufacturing Director,1,4213,0,10,1,10
39,0,Sales,20,Male,Sales Executive,4,4127,0,7,3,2
43,0,Research & Development,9,Male,Research Scientist,3,2438,0,7,2,3
41,0,Research & Development,5,Male,Healthcare Representative,2,6870,0,11,1,3
41,0,Sales,4,Female,Sales Executive,3,10447,1,23,4,22
30,0,Research & Development,10,Female,Manufacturing Director,3,9667,0,9,3,7
26,1,Human Resources,20,Female,Human Resources,2,2148,1,6,3,5
46,1,Research & Development,21,Female,Healthcare Representative,2,8926,0,13,4,9
40,0,Research & Development,1,Female,Healthcare Representative,4,6513,0,12,3,5
34,0,Sales,8,Male,Sales Executive,3,6799,0,10,3,10
58,0,Sales,2,Male,Manager,2,16291,0,37,2,16
35,0,Research & Development,23,Male,Laboratory Technician,3,2705,0,6,4,5
47,0,Research & Development,4,Female,Manufacturing Director,2,10333,1,28,3,22
40,0,Research & Development,12,Female,Healthcare Representative,1,4448,0,15,3,7
54,0,Research & Development,7,Female,Research Scientist,4,6854,0,14,2,7
31,0,Sales,7,Female,Sales Executive,1,9637,0,9,3,3
28,0,Research & Development,1,Female,Research Scientist,1,3591,0,3,3,3
38,0,Sales,2,Female,Sales Representative,4,5405,1,20,2,4
26,0,Sales,10,Male,Sales Executive,4,4684,0,5,3,5
58,0,Research & Development,15,Male,Research Director,3,15787,1,23,3,2
18,0,Research & Development,14,Female,Research Scientist,3,1514,0,0,1,0
31,1,Human Resources,18,Male,Human Resources,1,2956,0,2,3,1
29,1,Human Resources,13,Male,Human Resources,1,2335,1,4,3,2
45,0,Sales,2,Female,Sales Executive,3,5154,0,10,4,8
36,0,Research & Development,2,Female,Research Scientist,2,6962,1,15,3,1
43,0,Sales,2,Male,Sales Executive,4,5675,0,7,3,7
27,0,Research & Development,5,Female,Laboratory Technician,4,2379,1,6,2,5
29,0,Research & Development,20,Male,Laboratory Technician,4,3812,0,11,4,11
32,0,Sales,10,Male,Sales Executive,4,4648,0,4,4,0
42,0,Research & Development,10,Male,Research Scientist,3,2936,0,10,2,6
47,0,Research & Development,9,Female,Laboratory Technician,3,2105,0,7,3,2
46,0,Research & Development,2,Male,Manufacturing Director,4,8578,0,12,2,9
28,0,Human Resources,1,Male,Human Resources,4,2706,0,3,3,3
29,0,Research & Development,29,Male,Healthcare Representative,3,6384,0,11,3,7
42,0,Research & Development,8,Male,Laboratory Technician,3,3968,0,8,3,0
32,1,Sales,2,Male,Sales Executive,2,9907,1,7,2,2
46,0,Sales,3,Female,Sales Executive,1,13225,0,25,3,19
27,0,Sales,23,Female,Sales Representative,3,3540,0,9,3,9
29,0,Human Resources,6,Male,Human Resources,2,2804,0,1,3,1
43,0,Research & Development,6,Female,Manager,3,19392,0,21,3,16
48,0,Research & Development,10,Male,Research Director,2,19665,0,29,3,22
29,1,Research & Development,24,Male,Research Scientist,4,2439,1,1,2,1
46,1,Sales,10,Female,Sales Executive,2,7314,0,14,3,8
27,0,Research & Development,15,Female,Research Scientist,1,4774,0,8,2,7
39,0,Research & Development,19,Male,Research Scientist,4,3902,0,7,3,2
55,0,Research & Development,2,Male,Research Scientist,4,2662,0,19,4,5
28,0,Sales,3,Female,Sales Representative,2,2856,0,1,3,1
30,1,Sales,9,Male,Sales Representative,4,1081,0,1,2,1
22,1,Research & Development,7,Male,Research Scientist,2,2472,1,1,3,1
36,0,Sales,10,Female,Sales Executive,3,5673,1,10,3,10
31,0,Research & Development,20,Male,Laboratory Technician,3,4197,0,10,3,10
34,0,Sales,4,Male,Sales Executive,4,9713,1,9,3,5
29,0,Research & Development,7,Male,Laboratory Technician,1,2062,0,11,3,3
37,0,Research & Development,7,Male,Research Scientist,1,4284,1,16,3,5
35,0,Research & Development,16,Female,Manufacturing Director,2,4788,1,4,3,3
45,0,Research & Development,25,Female,Manufacturing Director,4,5906,0,10,2,9
36,0,Human Resources,2,Male,Human Resources,4,3886,0,10,2,10
40,0,Research & Development,1,Male,Manager,1,16823,0,22,3,19
26,0,Research & Development,1,Female,Research Scientist,3,2933,1,1,2,1
27,0,Sales,2,Female,Sales Executive,3,6500,0,9,2,8
48,0,Research & Development,22,Female,Manager,4,17174,0,24,3,22
44,0,Research & Development,1,Male,Healthcare Representative,1,5033,0,10,3,2
34,1,Research & Development,16,Male,Research Scientist,1,2307,1,5,3,5
56,1,Research & Development,24,Male,Laboratory Technician,4,2587,0,5,3,4
36,0,Sales,17,Male,Sales Executive,2,5507,0,12,1,4
41,0,Sales,8,Female,Sales Executive,2,4393,0,14,3,5
42,0,Research & Development,6,Male,Research Director,1,13348,0,18,4,13
31,0,Sales,10,Female,Sales Executive,4,6583,1,8,3,5
34,0,Sales,3,Female,Sales Executive,4,8103,1,9,2,4
31,0,Research & Development,4,Female,Laboratory Technician,3,3978,0,4,2,2
26,0,Research & Development,6,Male,Laboratory Technician,4,2544,0,8,3,7
45,0,Research & Development,1,Male,Healthcare Representative,3,5399,0,12,3,4
33,0,Sales,10,Male,Sales Executive,3,5487,0,10,2,10
28,0,Sales,1,Male,Sales Executive,4,6834,1,7,3,7
29,1,Sales,24,Male,Sales Representative,1,1091,0,1,3,1
39,0,Sales,21,Female,Sales Executive,3,5736,0,10,3,3
27,0,Research & Development,2,Male,Research Scientist,2,2226,0,6,2,5
34,0,Research & Development,22,Male,Research Scientist,4,5747,1,16,3,15
28,1,Sales,13,Female,Sales Executive,3,9854,1,6,3,2
47,0,Research & Development,14,Male,Research Scientist,2,5467,0,16,4,8
56,0,Sales,11,Female,Sales Executive,1,5380,0,6,3,0
39,0,Research & Development,9,Male,Manufacturing Director,1,5151,0,10,3,10
38,0,Research & Development,8,Female,Research Scientist,2,2133,1,20,3,20
58,0,Sales,21,Female,Manager,4,17875,1,29,2,1
32,1,Research & Development,5,Female,Research Scientist,3,2432,1,8,3,4
38,0,Research & Development,9,Male,Research Scientist,4,4771,0,10,4,5
49,0,Research & Development,2,Male,Research Director,4,19161,0,28,3,5
42,0,Sales,12,Male,Sales Executive,4,5087,1,14,3,0
27,1,Human Resources,22,Female,Human Resources,2,2863,0,1,3,1
35,0,Sales,18,Male,Sales Executive,1,5561,0,6,1,5
28,0,Research & Development,16,Male,Research Scientist,3,2144,0,5,2,5
31,0,Research & Development,3,Male,Research Scientist,1,3065,1,4,4,4
36,0,Research & Development,9,Male,Laboratory Technician,2,2810,0,5,3,5
34,0,Sales,1,Male,Sales Executive,4,9888,0,14,2,14
34,0,Sales,13,Male,Sales Executive,3,8628,0,9,2,8
26,0,Research & Development,1,Male,Laboratory Technician,1,2867,0,8,2,7
29,0,Research & Development,1,Male,Healthcare Representative,1,5373,0,6,2,5
32,0,Research & Development,15,Female,Healthcare Representative,4,6667,0,9,3,5
31,0,Research & Development,1,Male,Research Scientist,1,5003,0,10,3,10
28,1,Research & Development,17,Male,Laboratory Technician,4,2367,0,6,2,4
38,0,Sales,1,Male,Sales Representative,1,2858,0,20,2,1
35,0,Sales,7,Female,Sales Executive,4,5204,1,10,3,10
27,0,Sales,9,Male,Sales Executive,4,4105,0,7,3,7
32,0,Research & Development,5,Male,Manufacturing Director,4,9679,0,8,3,1
31,1,Sales,26,Male,Sales Executive,4,5617,1,10,3,10
53,1,Sales,24,Male,Sales Executive,1,10448,1,15,2,2
54,0,Research & Development,9,Female,Research Scientist,3,2897,0,9,2,4
33,0,Research & Development,7,Male,Healthcare Representative,3,5968,0,9,3,9
43,0,Research & Development,11,Male,Healthcare Representative,3,7510,0,10,3,10
38,0,Human Resources,1,Male,Human Resources,2,2991,1,7,3,6
55,0,Human Resources,26,Male,Manager,2,19636,1,35,3,10
31,0,Research & Development,2,Female,Laboratory Technician,4,1129,1,1,3,1
39,0,Sales,15,Male,Sales Executive,1,13341,0,21,3,20
42,0,Research & Development,23,Male,Research Scientist,3,4332,0,20,3,20
31,0,Research & Development,10,Female,Research Director,3,11031,0,13,4,11
54,0,Research & Development,10,Female,Manufacturing Director,1,4440,1,9,3,5
24,0,Research & Development,1,Male,Healthcare Representative,3,4617,0,4,2,4
23,0,Research & Development,12,Male,Laboratory Technician,4,2647,0,5,4,5
40,0,Research & Development,11,Female,Laboratory Technician,3,6323,0,10,4,10
40,0,Sales,2,Female,Sales Executive,2,5677,0,15,3,11
25,0,Human Resources,2,Female,Human Resources,2,2187,0,6,3,2
30,0,Research & Development,1,Male,Laboratory Technician,2,3748,0,12,2,12
25,0,Research & Development,2,Male,Laboratory Technician,3,3977,1,7,2,2
47,0,Research & Development,25,Male,Healthcare Representative,3,8633,0,25,3,17
33,0,Research & Development,1,Male,Laboratory Technician,3,2008,0,1,2,1
38,0,Sales,1,Male,Sales Executive,2,4440,0,16,3,15
31,0,Sales,2,Male,Sales Representative,3,3067,0,3,3,2
38,0,Research & Development,6,Male,Manufacturing Director,3,5321,0,10,3,8
42,0,Research & Development,18,Male,Research Scientist,1,5410,1,9,2,4
41,0,Research & Development,1,Male,Research Scientist,4,2782,0,12,3,5
47,0,Research & Development,1,Female,Research Director,2,11957,0,14,1,13
35,0,Research & Development,11,Male,Laboratory Technician,3,2660,1,5,3,2
22,0,Research & Development,1,Male,Research Scientist,3,3375,0,4,4,3
35,0,Research & Development,9,Male,Research Scientist,3,5098,0,10,3,10
33,0,Research & Development,15,Female,Healthcare Representative,4,4878,1,10,3,9
32,0,Research & Development,29,Female,Laboratory Technician,2,2837,0,6,3,6
40,0,Research & Development,1,Male,Laboratory Technician,4,2406,0,8,2,1
32,0,Sales,1,Male,Sales Representative,2,2269,0,3,3,2
39,0,Research & Development,24,Male,Research Scientist,4,4108,0,18,3,7
38,0,Research & Development,10,Female,Research Director,3,13206,0,20,3,18
32,0,Sales,1,Female,Sales Executive,4,10422,0,14,3,14
37,0,Research & Development,10,Female,Research Director,4,13744,1,16,3,16
25,0,Sales,8,Female,Sales Executive,3,4907,1,6,2,5
52,0,Sales,29,Male,Sales Representative,4,3482,0,16,2,9
44,0,Research & Development,1,Male,Research Scientist,4,2436,1,6,3,4
21,0,Sales,5,Male,Sales Representative,1,2380,1,2,3,2
39,0,Research & Development,9,Male,Manager,4,19431,0,21,2,6
23,1,Sales,9,Male,Sales Representative,1,1790,0,1,2,1
36,0,Sales,3,Female,Sales Executive,4,7644,0,10,3,9
36,0,Research & Development,4,Female,Manufacturing Director,2,5131,0,18,3,4
56,0,Research & Development,1,Male,Healthcare Representative,3,6306,0,13,2,13
29,1,Research & Development,1,Male,Research Scientist,4,4787,1,4,4,2
42,0,Research & Development,2,Male,Manager,3,18880,0,24,2,22
56,1,Research & Development,7,Male,Laboratory Technician,3,2339,0,14,1,10
41,0,Research & Development,28,Female,Manufacturing Director,2,13570,0,21,3,20
34,0,Sales,28,Female,Sales Executive,3,6712,0,8,3,8
36,0,Sales,15,Male,Sales Executive,4,5406,0,15,2,15
41,0,Sales,3,Male,Sales Executive,2,8938,0,14,3,5
32,0,Research & Development,2,Male,Research Scientist,1,2439,0,4,3,4
35,0,Human Resources,26,Female,Human Resources,4,8837,1,9,3,9
38,0,Sales,10,Female,Sales Executive,4,5343,0,10,3,10
50,1,Sales,1,Male,Sales Executive,3,6728,0,12,3,6
36,0,Sales,11,Female,Sales Executive,4,6652,0,8,2,6
45,0,Sales,20,Female,Sales Executive,3,4850,0,8,3,5
40,0,Research & Development,2,Male,Research Scientist,3,2809,0,8,3,2
35,0,Research & Development,18,Male,Healthcare Representative,3,5689,1,10,4,10
40,0,Research & Development,2,Female,Research Scientist,3,2001,0,20,3,5
35,0,Research & Development,1,Female,Research Scientist,4,2977,0,4,3,4
29,0,Research & Development,13,Male,Laboratory Technician,2,4025,1,10,3,4
29,0,Research & Development,28,Female,Research Scientist,1,3785,0,5,1,5
50,1,Sales,28,Male,Sales Executive,1,10854,1,20,3,3
39,0,Sales,24,Female,Sales Executive,4,12031,0,21,2,20
31,0,Research & Development,5,Male,Manufacturing Director,1,9936,0,10,3,9
26,0,Sales,5,Female,Sales Representative,3,2966,0,5,3,4
36,0,Research & Development,23,Male,Laboratory Technician,4,2571,0,17,3,5
39,0,Research & Development,6,Male,Healthcare Representative,1,9991,0,9,3,7
27,0,Research & Development,4,Male,Manufacturing Director,2,6142,1,6,3,6
49,0,Sales,2,Male,Sales Executive,2,5390,0,17,2,9
34,0,Research & Development,8,Male,Laboratory Technician,3,4404,0,6,4,4
